{
	"credit": "Made with Blockbench",
	"ambientocclusion": false,
	"textures": {
		"2": "block/cmodels/birch_door_handle",
		"5": "block/cmodels/acacia_door",
		"particle": "block/cmodels/acacia_door"
	},
	"elements": [
		{
			"from": [1.17, 15.2, 14.05],
			"to": [1.17, 17.1, 15.95],
			"rotation": {"angle": 0, "axis": "y", "origin": [-7, 8, 8]},
			"faces": {
				"east": {"uv": [8.875, 0, 0, 8.875], "texture": "#2"},
				"west": {"uv": [8.875, 0, 0, 8.875], "texture": "#2"}
			}
		},
		{
			"from": [-0.06, 15.2, 14.05],
			"to": [-0.06, 17.1, 15.95],
			"rotation": {"angle": 0, "axis": "y", "origin": [-7, 8, 8]},
			"faces": {
				"east": {"uv": [8.875, 0, 0, 8.875], "texture": "#2"},
				"west": {"uv": [8.875, 0, 0, 8.875], "texture": "#2"}
			}
		},
		{
			"from": [1.14, 15.2, 14.05],
			"to": [1.14, 17.1, 15.95],
			"rotation": {"angle": 0, "axis": "y", "origin": [-7, 8, 8]},
			"faces": {
				"east": {"uv": [8.875, 0, 0, 8.875], "texture": "#2"},
				"west": {"uv": [8.875, 0, 0, 8.875], "texture": "#2"}
			}
		},
		{
			"from": [-0.09, 15.2, 14.05],
			"to": [-0.09, 17.1, 15.95],
			"rotation": {"angle": 0, "axis": "y", "origin": [-7, 8, 8]},
			"faces": {
				"east": {"uv": [8.875, 0, 0, 8.875], "texture": "#2"},
				"west": {"uv": [8.875, 0, 0, 8.875], "texture": "#2"}
			}
		},
		{
			"from": [1.11, 15.2, 14.05],
			"to": [1.11, 17.1, 15.95],
			"rotation": {"angle": 0, "axis": "y", "origin": [-7, 8, 8]},
			"faces": {
				"east": {"uv": [8.875, 0, 0, 8.875], "texture": "#2"},
				"west": {"uv": [8.875, 0, 0, 8.875], "texture": "#2"}
			}
		},
		{
			"from": [-0.12, 15.2, 14.05],
			"to": [-0.12, 17.1, 15.95],
			"rotation": {"angle": 0, "axis": "y", "origin": [-7, 8, 8]},
			"faces": {
				"east": {"uv": [8.875, 0, 0, 8.875], "texture": "#2"},
				"west": {"uv": [8.875, 0, 0, 8.875], "texture": "#2"}
			}
		},
		{
			"from": [1.08, 15.2, 14.05],
			"to": [1.08, 17.1, 15.95],
			"rotation": {"angle": 0, "axis": "y", "origin": [-7, 8, 8]},
			"faces": {
				"east": {"uv": [8.875, 0, 0, 8.875], "texture": "#2"},
				"west": {"uv": [8.875, 0, 0, 8.875], "texture": "#2"}
			}
		},
		{
			"from": [-0.15, 15.2, 14.05],
			"to": [-0.15, 17.1, 15.95],
			"rotation": {"angle": 0, "axis": "y", "origin": [-7, 8, 8]},
			"faces": {
				"east": {"uv": [8.875, 0, 0, 8.875], "texture": "#2"},
				"west": {"uv": [8.875, 0, 0, 8.875], "texture": "#2"}
			}
		},
		{
			"from": [1.05, 15.2, 14.05],
			"to": [1.05, 17.1, 15.95],
			"rotation": {"angle": 0, "axis": "y", "origin": [-7, 8, 8]},
			"faces": {
				"east": {"uv": [8.875, 0, 0, 8.875], "texture": "#2"},
				"west": {"uv": [8.875, 0, 0, 8.875], "texture": "#2"}
			}
		},
		{
			"from": [-0.18, 15.2, 14.05],
			"to": [-0.18, 17.1, 15.95],
			"rotation": {"angle": 0, "axis": "y", "origin": [-7, 8, 8]},
			"faces": {
				"east": {"uv": [8.875, 0, 0, 8.875], "texture": "#2"},
				"west": {"uv": [8.875, 0, 0, 8.875], "texture": "#2"}
			}
		},
		{
			"from": [1.02, 15.2, 14.05],
			"to": [1.02, 17.1, 15.95],
			"rotation": {"angle": 0, "axis": "y", "origin": [-7, 8, 8]},
			"faces": {
				"east": {"uv": [8.875, 0, 0, 8.875], "texture": "#2"}
			}
		},
		{
			"from": [-0.21, 15.2, 14.05],
			"to": [-0.21, 17.1, 15.95],
			"rotation": {"angle": 0, "axis": "y", "origin": [-7, 8, 8]},
			"faces": {
				"east": {"uv": [8.875, 0, 0, 8.875], "texture": "#2"},
				"west": {"uv": [8.875, 0, 0, 8.875], "texture": "#2"}
			}
		},
		{
			"from": [1.2, 15.2, 14.05],
			"to": [1.2, 17.1, 15.95],
			"rotation": {"angle": 0, "axis": "y", "origin": [-7, 8, 8]},
			"faces": {
				"east": {"uv": [8.875, 0, 0, 8.875], "texture": "#2"},
				"west": {"uv": [8.875, 0, 0, 8.875], "texture": "#2"}
			}
		},
		{
			"from": [-0.03, 15.2, 14.05],
			"to": [-0.03, 17.1, 15.95],
			"rotation": {"angle": 0, "axis": "y", "origin": [-7, 8, 8]},
			"faces": {
				"west": {"uv": [8.875, 0, 0, 8.875], "texture": "#2"}
			}
		},
		{
			"from": [0.1, 13.7, 15.95],
			"to": [0.9, 18.5, 16.05],
			"rotation": {"angle": 0, "axis": "y", "origin": [-7, 8, 8]},
			"faces": {
				"east": {"uv": [4.45313, 3.0625, 4.45313, 3.07813], "texture": "#2"},
				"south": {"uv": [15.84375, 0.71875, 13.59375, 14.64063], "texture": "#2"},
				"west": {"uv": [4.34375, 3.5625, 4.34375, 3.57813], "texture": "#2"},
				"up": {"uv": [4.57813, 4.14063, 4.57813, 4.125], "rotation": 180, "texture": "#2"},
				"down": {"uv": [4.0625, 3.14063, 4.0625, 3.125], "rotation": 180, "texture": "#2"}
			}
		},
		{
			"from": [0.45, 16.4, 16.05],
			"to": [0.6, 17.4, 16.25],
			"rotation": {"angle": 0, "axis": "y", "origin": [-7, 8, 8]},
			"faces": {
				"east": {"uv": [3.67188, 2.67188, 5.23438, 4.6875], "texture": "#2"},
				"south": {"uv": [3.67188, 2.67188, 5.23438, 4.6875], "texture": "#2"},
				"west": {"uv": [3.67188, 2.67188, 5.23438, 4.6875], "texture": "#2"},
				"up": {"uv": [3.67188, 2.67188, 5.23438, 4.6875], "texture": "#2"},
				"down": {"uv": [3.67188, 2.67188, 5.23438, 4.6875], "texture": "#2"}
			}
		},
		{
			"from": [1.15, 16.1, 14.85],
			"to": [1.85, 16.4, 15.15],
			"rotation": {"angle": 0, "axis": "y", "origin": [-7, 8, 8]},
			"faces": {
				"north": {"uv": [3.45313, 2.625, 5.51563, 4.96875], "texture": "#2"},
				"south": {"uv": [3.45313, 2.625, 5.51563, 4.96875], "texture": "#2"},
				"up": {"uv": [3.45313, 2.625, 5.51563, 4.96875], "texture": "#2"},
				"down": {"uv": [3.45313, 2.625, 5.51563, 4.96875], "texture": "#2"}
			}
		},
		{
			"from": [-0.9, 16.1, 14.85],
			"to": [-0.2, 16.4, 15.15],
			"rotation": {"angle": 0, "axis": "y", "origin": [-7, 8, 8]},
			"faces": {
				"north": {"uv": [3.51563, 2.67188, 5.46875, 4.75], "texture": "#2"},
				"south": {"uv": [3.51563, 2.67188, 5.46875, 4.75], "texture": "#2"},
				"up": {"uv": [3.51563, 2.67188, 5.46875, 4.75], "texture": "#2"},
				"down": {"uv": [3.51563, 2.67188, 5.46875, 4.75], "texture": "#2"}
			}
		},
		{
			"from": [1.85, 16.1, 12.65],
			"to": [2, 16.4, 15.15],
			"rotation": {"angle": 0, "axis": "y", "origin": [-7, 8, 8]},
			"faces": {
				"north": {"uv": [3.51563, 2.6875, 5.51563, 4.98438], "texture": "#2"},
				"east": {"uv": [3.51563, 2.6875, 5.51563, 4.98438], "texture": "#2"},
				"south": {"uv": [3.51563, 2.6875, 5.51563, 4.98438], "texture": "#2"},
				"west": {"uv": [3.51563, 2.6875, 5.51563, 4.98438], "texture": "#2"},
				"up": {"uv": [3.51563, 2.6875, 5.51563, 4.98438], "texture": "#2"},
				"down": {"uv": [3.51563, 2.6875, 5.51563, 4.98438], "texture": "#2"}
			}
		},
		{
			"from": [-1.05, 16.1, 12.65],
			"to": [-0.9, 16.4, 15.15],
			"rotation": {"angle": 0, "axis": "y", "origin": [-7, 8, 8]},
			"faces": {
				"north": {"uv": [3.45313, 2.79688, 5.67188, 4.98438], "texture": "#2"},
				"east": {"uv": [3.45313, 2.79688, 5.67188, 4.98438], "texture": "#2"},
				"south": {"uv": [3.45313, 2.79688, 5.67188, 4.98438], "texture": "#2"},
				"west": {"uv": [3.45313, 2.79688, 5.67188, 4.98438], "texture": "#2"},
				"up": {"uv": [3.45313, 2.79688, 5.67188, 4.98438], "texture": "#2"},
				"down": {"uv": [3.45313, 2.79688, 5.67188, 4.98438], "texture": "#2"}
			}
		},
		{
			"from": [0.1, 3, -0.1],
			"to": [0.9, 6, 0],
			"rotation": {"angle": 0, "axis": "y", "origin": [-7, 8, 8]},
			"faces": {
				"north": {"uv": [4.01563, 2.78125, 5.1875, 4.73438], "texture": "#2"},
				"east": {"uv": [4.01563, 2.78125, 5.1875, 4.73438], "texture": "#2"},
				"west": {"uv": [4.01563, 2.78125, 5.1875, 4.73438], "texture": "#2"},
				"up": {"uv": [4.01563, 2.78125, 5.1875, 4.73438], "texture": "#2"},
				"down": {"uv": [4.01563, 2.78125, 5.1875, 4.73438], "texture": "#2"}
			}
		},
		{
			"from": [0, 0, 2],
			"to": [1, 4.5, 14],
			"rotation": {"angle": 0, "axis": "y", "origin": [0, 0, 16]},
			"faces": {
				"north": {"uv": [1, 0, 0, 5.60938], "texture": "#5"},
				"east": {"uv": [2.95313, 4.70313, 13.04688, 0.09375], "texture": "#5"},
				"south": {"uv": [1, 0, 0, 5.71875], "texture": "#5"},
				"west": {"uv": [2.95313, 15.90625, 13.04688, 11.29688], "texture": "#5"},
				"up": {"uv": [0.23438, 0, 1.14063, 13.98438], "texture": "#5"},
				"down": {"uv": [1.64063, 14, 2.64063, 0], "texture": "#5"}
			}
		},
		{
			"from": [0, 9, 2],
			"to": [1, 13.5, 14],
			"rotation": {"angle": 0, "axis": "y", "origin": [0, 0, 16]},
			"faces": {
				"east": {"uv": [13.04688, 0.09375, 2.95313, 4.70313], "texture": "#5"},
				"west": {"uv": [2.95313, 11.29688, 13.04688, 15.90625], "texture": "#5"},
				"up": {"uv": [0.23438, 0, 1.14063, 13.98438], "texture": "#5"},
				"down": {"uv": [1.64063, 14, 2.64063, 0], "texture": "#5"}
			}
		},
		{
			"from": [0, 0, 14],
			"to": [1, 16, 16],
			"rotation": {"angle": 0, "axis": "y", "origin": [0, 0, 16]},
			"faces": {
				"north": {"uv": [1.73438, 0, 2.64063, 16], "rotation": 180, "texture": "#5"},
				"east": {"uv": [0.23438, 16, 2.64063, 0], "texture": "#5"},
				"south": {"uv": [1.64063, 16, 2.64063, 0], "texture": "#5"},
				"west": {"uv": [0.23438, 15.96875, 2.64063, 0], "rotation": 180, "texture": "#5"},
				"down": {"uv": [0.23438, 16, 2.64063, 15.21875], "rotation": 90, "texture": "#5"}
			}
		},
		{
			"from": [0, 0, 0],
			"to": [1, 16, 2],
			"rotation": {"angle": 0, "axis": "y", "origin": [0, 0, 16]},
			"faces": {
				"north": {"uv": [1.73438, 0, 2.64063, 16], "rotation": 180, "texture": "#5"},
				"east": {"uv": [13.35938, 16, 15.76563, 0], "texture": "#5"},
				"south": {"uv": [1.64063, 16, 2.64063, 0], "texture": "#5"},
				"west": {"uv": [13.35938, 16, 15.76563, 0.03125], "rotation": 180, "texture": "#5"},
				"down": {"uv": [0.23438, 16, 2.64063, 15.21875], "rotation": 90, "texture": "#5"}
			}
		},
		{
			"from": [0, 4.5, 2],
			"to": [1, 9, 8],
			"rotation": {"angle": 0, "axis": "y", "origin": [0, 0, 16]},
			"faces": {
				"east": {"uv": [9.51563, 6.32813, 2.96875, 10.95313], "texture": "#5"},
				"south": {"uv": [1.64063, 0.04688, 2.64063, 5.60938], "texture": "#5"},
				"west": {"uv": [9.51563, 6.32813, 2.96875, 10.95313], "texture": "#5"}
			}
		},
		{
			"from": [0, 13.5, 8],
			"to": [1, 18, 14],
			"rotation": {"angle": 0, "axis": "y", "origin": [0, 0, 16]},
			"faces": {
				"north": {"uv": [2.64063, 0, 1.64063, 5.60938], "texture": "#5"},
				"east": {"uv": [9.51563, 6.32813, 2.96875, 10.95313], "texture": "#5"},
				"west": {"uv": [9.51563, 6.32813, 2.96875, 10.95313], "texture": "#5"}
			}
		}
	],
	"groups": [
		{
			"name": "group",
			"origin": [8, 8, 8],
			"color": 0,
			"children": [0, 1, 2, 3, 4, 5, 6, 7, 8, 9, 10, 11, 12, 13, 14, 15, 16, 17, 18, 19, 20, 21, 22, 23, 24, 25, 26]
		}
	]
}