{
    "variants": {
        "": [
            { "model": "block/leaves/pale_oak_leaves" },
			{ "model": "block/leaves/pale_oak_leaves", "y": 90 },
            { "model": "block/leaves/pale_oak_leaves", "y": 180 },
            { "model": "block/leaves/pale_oak_leaves", "y": 270 },
            { "model": "block/leaves/pale_oak_leaves1" },
			{ "model": "block/leaves/pale_oak_leaves1", "y": 90 },
            { "model": "block/leaves/pale_oak_leaves1", "y": 180 },
            { "model": "block/leaves/pale_oak_leaves1", "y": 270 },
            { "model": "block/leaves/pale_oak_leaves2" },
			{ "model": "block/leaves/pale_oak_leaves2", "y": 90 },
            { "model": "block/leaves/pale_oak_leaves2", "y": 180 },
            { "model": "block/leaves/pale_oak_leaves2", "y": 270 }
        ]
    }
}
