{
	"credit": "Made with Blockbench",
	"ambientocclusion": false,
	"textures": {
		"1": "block/cmodels/oak_tables",
		"2": "block/cmodels/black_door",
		"3": "block/cmodels/door_metal",
		"particle": "block/cmodels/oak_tables"
	},
	"elements": [
		{
			"from": [0.1, 0, 2.05],
			"to": [0.4, 14, 2.15],
			"rotation": {"angle": 0, "axis": "y", "origin": [8, -5, 8]},
			"faces": {
				"south": {"uv": [0, 0, 0.00781, 0.01563], "texture": "#3"}
			}
		},
		{
			"from": [0.5, 0, 2.05],
			"to": [0.9, 14, 2.15],
			"rotation": {"angle": 0, "axis": "y", "origin": [8, -5, 8]},
			"faces": {
				"east": {"uv": [0, 0, 0.00781, 0.01563], "texture": "#3"},
				"south": {"uv": [0, 0, 0.00781, 0.01563], "texture": "#3"}
			}
		},
		{
			"from": [0.5, 0, 4.95],
			"to": [0.9, 14, 5.05],
			"rotation": {"angle": 0, "axis": "y", "origin": [8, -5, 10.9]},
			"faces": {
				"north": {"uv": [0, 0, 0.00781, 0.01563], "texture": "#3"},
				"east": {"uv": [0, 0, 0.00781, 0.01563], "texture": "#3"}
			}
		},
		{
			"from": [0.1, 0, 4.95],
			"to": [0.4, 14, 5.05],
			"rotation": {"angle": 0, "axis": "y", "origin": [8, -5, 10.9]},
			"faces": {
				"north": {"uv": [0, 0, 0.00781, 0.01563], "texture": "#3"},
				"west": {"uv": [0, 0, 0.00781, 0.01563], "texture": "#3"}
			}
		},
		{
			"from": [0.4, 0, 2.05],
			"to": [0.5, 14, 2.15],
			"rotation": {"angle": 0, "axis": "y", "origin": [8, -5, 8]},
			"faces": {
				"south": {"uv": [0, 0, 16, 16], "texture": "#2"}
			}
		},
		{
			"from": [0.4, 0, 4.95],
			"to": [0.5, 14, 5.05],
			"rotation": {"angle": 0, "axis": "y", "origin": [8, -5, 8]},
			"faces": {
				"north": {"uv": [0, 0, 16, 16], "texture": "#2"}
			}
		},
		{
			"from": [0, 0, 5],
			"to": [1, 16, 16],
			"faces": {
				"north": {"uv": [1.672, 0, 14.201, 15.999], "texture": "#1"},
				"east": {"uv": [1.672, 0, 14.201, 15.999], "texture": "#1"},
				"south": {"uv": [1.672, 0, 14.201, 15.999], "texture": "#1"},
				"west": {"uv": [1.672, 0, 14.201, 15.999], "texture": "#1"},
				"up": {"uv": [1.672, 0, 14.201, 15.999], "texture": "#1"}
			}
		},
		{
			"from": [0, 14, 2.1],
			"to": [1, 16, 5],
			"faces": {
				"east": {"uv": [9.67188, 0, 14.25, 2.04688], "texture": "#1"},
				"west": {"uv": [8.95313, 0, 13.53125, 2.48438], "texture": "#1"},
				"up": {"uv": [9.672, 0, 14.25, 3.985], "texture": "#1"},
				"down": {"uv": [9.672, 0, 14.25, 3.985], "texture": "#1"}
			}
		},
		{
			"from": [-0.1, 0, 5.1],
			"to": [1.1, 1.1, 15.9],
			"rotation": {"angle": 0, "axis": "y", "origin": [8, -8, 8]},
			"faces": {
				"north": {"uv": [1.78125, 10.82813, 4.09375, 12.04688], "rotation": 90, "texture": "#1"},
				"east": {"uv": [1.78125, 10.82813, 14.17188, 12.04688], "rotation": 90, "texture": "#1"},
				"south": {"uv": [1.78125, 10.82813, 3.53125, 12.04688], "rotation": 90, "texture": "#1"},
				"west": {"uv": [1.78125, 10.82813, 14.17188, 12.04688], "texture": "#1"},
				"up": {"uv": [1.78125, 10.82813, 14.17188, 12.53125], "rotation": 90, "texture": "#1"}
			}
		},
		{
			"from": [-0.1, 10.8, 5.1],
			"to": [1.1, 12.5, 15.9],
			"rotation": {"angle": 0, "axis": "y", "origin": [8, 7.2, 8]},
			"faces": {
				"north": {"uv": [0.48438, 13.46875, 2.375, 15.85938], "rotation": 90, "texture": "#1"},
				"east": {"uv": [1.85938, 13.4375, 14.25238, 15.8285], "texture": "#1"},
				"south": {"uv": [11.96875, 13.4375, 14.25, 15.82813], "rotation": 90, "texture": "#1"},
				"west": {"uv": [1.85938, 13.4375, 14.25238, 15.8285], "texture": "#1"},
				"up": {"uv": [1.85938, 13.4375, 14.25238, 15.8285], "rotation": 90, "texture": "#1"},
				"down": {"uv": [1.85938, 13.4375, 14.25238, 15.8285], "texture": "#1"}
			}
		},
		{
			"from": [-0.1, 12.7, 5.1],
			"to": [1.1, 14.4, 15.9],
			"rotation": {"angle": 0, "axis": "y", "origin": [8, 7.2, 8]},
			"faces": {
				"north": {"uv": [12.03125, 10.82813, 14.28125, 13.21875], "rotation": 90, "texture": "#1"},
				"east": {"uv": [1.89063, 10.82813, 14.28263, 13.21913], "texture": "#1"},
				"south": {"uv": [12.42188, 10.82813, 14.28125, 13.21875], "rotation": 90, "texture": "#1"},
				"west": {"uv": [1.89063, 10.82813, 14.28263, 13.21913], "texture": "#1"},
				"up": {"uv": [1.89063, 10.82813, 14.28263, 13.21913], "rotation": 90, "texture": "#1"},
				"down": {"uv": [1.89063, 10.82813, 14.28263, 13.21913], "rotation": 90, "texture": "#1"}
			}
		},
		{
			"from": [-0.1, 8.9, 5.1],
			"to": [1.1, 10.6, 15.9],
			"rotation": {"angle": 0, "axis": "y", "origin": [8, 7.2, 8]},
			"faces": {
				"north": {"uv": [1.92188, 0.125, 3.90625, 2.5625], "rotation": 90, "texture": "#1"},
				"east": {"uv": [2.01563, 0.125, 14.40863, 2.56], "texture": "#1"},
				"south": {"uv": [12.57813, 0.125, 14.40625, 2.5625], "rotation": 90, "texture": "#1"},
				"west": {"uv": [2.01563, 0.125, 14.40863, 2.56], "texture": "#1"},
				"up": {"uv": [1.85938, 0.125, 14.25238, 2.56], "rotation": 90, "texture": "#1"},
				"down": {"uv": [1.95313, 0.09375, 14.34613, 2.52875], "rotation": 90, "texture": "#1"}
			}
		},
		{
			"from": [-0.1, 7, 5.1],
			"to": [1.1, 8.7, 15.9],
			"rotation": {"angle": 0, "axis": "y", "origin": [8, 7.2, 8]},
			"faces": {
				"north": {"uv": [1.95313, 2.76563, 3.875, 5.20313], "rotation": 90, "texture": "#1"},
				"east": {"uv": [1.95313, 2.76563, 14.34713, 5.20063], "texture": "#1"},
				"south": {"uv": [12.20313, 2.76563, 14.34375, 5.20313], "rotation": 90, "texture": "#1"},
				"west": {"uv": [1.95313, 2.76563, 14.34713, 5.20063], "texture": "#1"},
				"up": {"uv": [1.95313, 2.76563, 14.34713, 5.20063], "rotation": 90, "texture": "#1"},
				"down": {"uv": [1.95313, 2.76563, 14.34713, 5.20063], "rotation": 90, "texture": "#1"}
			}
		},
		{
			"from": [-0.1, 5.1, 5.1],
			"to": [1.1, 6.8, 15.9],
			"rotation": {"angle": 0, "axis": "y", "origin": [8, 7.2, 8]},
			"faces": {
				"north": {"uv": [12.26563, 8.09375, 14.25, 10.53125], "rotation": 90, "texture": "#1"},
				"east": {"uv": [1.85938, 8.09375, 14.25338, 10.52975], "texture": "#1"},
				"south": {"uv": [1.85938, 8.09375, 4.14063, 10.53125], "rotation": 90, "texture": "#1"},
				"west": {"uv": [1.85938, 8.09375, 14.25338, 10.52975], "texture": "#1"},
				"up": {"uv": [1.85938, 8.09375, 14.25338, 10.52975], "rotation": 90, "texture": "#1"},
				"down": {"uv": [1.85938, 8.09375, 14.25338, 10.52975], "rotation": 90, "texture": "#1"}
			}
		},
		{
			"from": [-0.1, 3.2, 5.1],
			"to": [1.1, 4.9, 15.9],
			"rotation": {"angle": 0, "axis": "y", "origin": [8, 7.2, 8]},
			"faces": {
				"north": {"uv": [0.35938, 5.4375, 2.1875, 7.875], "rotation": 90, "texture": "#1"},
				"east": {"uv": [0.35938, 5.4375, 12.75338, 7.8735], "texture": "#1"},
				"south": {"uv": [10.89063, 5.4375, 12.75, 7.875], "rotation": 90, "texture": "#1"},
				"west": {"uv": [0.35938, 5.4375, 12.75338, 7.8735], "texture": "#1"},
				"up": {"uv": [0.35938, 5.4375, 12.75338, 7.8735], "rotation": 90, "texture": "#1"},
				"down": {"uv": [0.35938, 5.4375, 12.75338, 7.8735], "rotation": 90, "texture": "#1"}
			}
		},
		{
			"from": [-0.1, 1.3, 5.1],
			"to": [1.1, 3, 15.9],
			"rotation": {"angle": 0, "axis": "y", "origin": [8, 7.2, 8]},
			"faces": {
				"north": {"uv": [0.15625, 13.4375, 2.375, 15.875], "rotation": 90, "texture": "#1"},
				"east": {"uv": [0.15625, 13.4375, 12.55025, 15.8745], "texture": "#1"},
				"south": {"uv": [0.15625, 13.4375, 2.46875, 15.875], "rotation": 90, "texture": "#1"},
				"west": {"uv": [0.15625, 13.4375, 12.55025, 15.8745], "texture": "#1"},
				"up": {"uv": [0.15625, 13.4375, 12.55025, 15.8745], "rotation": 90, "texture": "#1"},
				"down": {"uv": [0.15625, 13.4375, 12.55025, 15.8745], "rotation": 90, "texture": "#1"}
			}
		},
		{
			"from": [-0.1, 14.6, 0.1],
			"to": [1.1, 15.9, 15.9],
			"rotation": {"angle": 0, "axis": "y", "origin": [8, 7.2, 8]},
			"faces": {
				"north": {"uv": [12.26563, 10.92188, 14.28125, 13.21875], "rotation": 90, "texture": "#1"},
				"east": {"uv": [1.89063, 10.92188, 14.28125, 13.21875], "texture": "#1"},
				"south": {"uv": [12.42188, 10.92188, 14.28125, 13.21875], "rotation": 90, "texture": "#1"},
				"west": {"uv": [1.89063, 10.92188, 14.28125, 13.21875], "texture": "#1"},
				"up": {"uv": [1.89063, 10.92188, 14.28125, 13.21875], "rotation": 90, "texture": "#1"},
				"down": {"uv": [1.89063, 10.92188, 14.28125, 13.21875], "rotation": 90, "texture": "#1"}
			}
		},
		{
			"from": [-0.1, 0, 0.1],
			"to": [1.1, 1.1, 1.9],
			"rotation": {"angle": 0, "axis": "y", "origin": [8, -8, -6]},
			"faces": {
				"north": {"uv": [12.15625, 10.89063, 14.32813, 12.04688], "texture": "#1"},
				"east": {"uv": [12.15625, 10.89063, 14.32813, 12.04688], "texture": "#1"},
				"south": {"uv": [12.15625, 10.89063, 14.32813, 12.04688], "texture": "#1"},
				"west": {"uv": [12.15625, 10.89063, 14.32813, 12.04688], "texture": "#1"},
				"up": {"uv": [12.15625, 10.89063, 14.32813, 12.04688], "texture": "#1"}
			}
		},
		{
			"from": [-0.1, 1.3, 0.1],
			"to": [1.1, 3, 1.9],
			"rotation": {"angle": 0, "axis": "y", "origin": [8, 7.2, -6]},
			"faces": {
				"north": {"uv": [11.40625, 10.875, 14.34375, 13.01563], "rotation": 90, "texture": "#1"},
				"east": {"uv": [12.09375, 10.8125, 14.34375, 13.01563], "texture": "#1"},
				"south": {"uv": [12.09375, 10.8125, 14.34375, 13.01563], "rotation": 90, "texture": "#1"},
				"west": {"uv": [12.09375, 10.8125, 14.34375, 13.01563], "texture": "#1"},
				"up": {"uv": [12.09375, 10.8125, 14.34375, 13.01563], "rotation": 90, "texture": "#1"},
				"down": {"uv": [12.09375, 10.8125, 14.34375, 13.01563], "rotation": 90, "texture": "#1"}
			}
		},
		{
			"from": [-0.1, 3.2, 0.1],
			"to": [1.1, 4.9, 1.9],
			"rotation": {"angle": 0, "axis": "y", "origin": [8, 7.2, -6]},
			"faces": {
				"north": {"uv": [11.79688, 8.09375, 14.29688, 10.53125], "rotation": 90, "texture": "#1"},
				"east": {"uv": [11.79688, 8.09375, 14.29688, 10.53125], "texture": "#1"},
				"south": {"uv": [11.79688, 8.09375, 14.29688, 10.53125], "rotation": 90, "texture": "#1"},
				"west": {"uv": [11.79688, 8.09375, 14.29688, 10.53125], "texture": "#1"},
				"up": {"uv": [11.79688, 8.09375, 14.29688, 10.53125], "rotation": 90, "texture": "#1"},
				"down": {"uv": [11.79688, 8.09375, 14.29688, 10.53125], "rotation": 90, "texture": "#1"}
			}
		},
		{
			"from": [-0.1, 5.1, 0.1],
			"to": [1.1, 6.8, 1.9],
			"rotation": {"angle": 0, "axis": "y", "origin": [8, 7.2, -6]},
			"faces": {
				"north": {"uv": [1.78125, 5.40625, 4.28125, 7.84375], "rotation": 90, "texture": "#1"},
				"east": {"uv": [1.78125, 5.40625, 4.28125, 7.84375], "texture": "#1"},
				"south": {"uv": [1.78125, 5.40625, 4.28125, 7.84375], "rotation": 90, "texture": "#1"},
				"west": {"uv": [1.78125, 5.40625, 4.28125, 7.84375], "texture": "#1"},
				"up": {"uv": [1.78125, 5.40625, 4.28125, 7.84375], "rotation": 90, "texture": "#1"},
				"down": {"uv": [1.78125, 5.40625, 4.28125, 7.84375], "rotation": 90, "texture": "#1"}
			}
		},
		{
			"from": [-0.1, 7, 0.1],
			"to": [1.1, 8.7, 1.9],
			"rotation": {"angle": 0, "axis": "y", "origin": [8, 7.2, -6]},
			"faces": {
				"north": {"uv": [13.9375, 2.76563, 15.8125, 5.20313], "rotation": 90, "texture": "#1"},
				"east": {"uv": [13.9375, 2.76563, 15.8125, 5.20313], "rotation": 180, "texture": "#1"},
				"south": {"uv": [13.9375, 2.76563, 15.8125, 5.20313], "rotation": 90, "texture": "#1"},
				"west": {"uv": [13.9375, 2.76563, 15.8125, 5.20313], "texture": "#1"},
				"up": {"uv": [13.9375, 2.76563, 15.8125, 5.20313], "rotation": 90, "texture": "#1"},
				"down": {"uv": [13.9375, 2.76563, 15.8125, 5.20313], "rotation": 90, "texture": "#1"}
			}
		},
		{
			"from": [-0.1, 8.9, 0.1],
			"to": [1.1, 10.6, 1.9],
			"rotation": {"angle": 0, "axis": "y", "origin": [8, 7.2, -6]},
			"faces": {
				"north": {"uv": [12.21875, 0.15625, 14.46875, 2.59375], "rotation": 90, "texture": "#1"},
				"east": {"uv": [12.21875, 0.15625, 14.46875, 2.59375], "texture": "#1"},
				"south": {"uv": [12.21875, 0.15625, 14.46875, 2.59375], "rotation": 90, "texture": "#1"},
				"west": {"uv": [12.21875, 0.15625, 14.46875, 2.59375], "texture": "#1"},
				"up": {"uv": [12.21875, 0.15625, 14.46875, 2.59375], "rotation": 90, "texture": "#1"},
				"down": {"uv": [12.21875, 0.15625, 14.46875, 2.59375], "rotation": 90, "texture": "#1"}
			}
		},
		{
			"from": [-0.1, 10.8, 0.1],
			"to": [1.1, 12.5, 1.9],
			"rotation": {"angle": 0, "axis": "y", "origin": [8, 7.2, -6]},
			"faces": {
				"north": {"uv": [2.14063, 13.46875, 4.84375, 15.85938], "rotation": 90, "texture": "#1"},
				"east": {"uv": [2.14063, 13.46875, 4.84375, 15.85938], "texture": "#1"},
				"south": {"uv": [2.14063, 13.46875, 4.84375, 15.85938], "rotation": 90, "texture": "#1"},
				"west": {"uv": [2.14063, 13.46875, 4.84375, 15.85938], "texture": "#1"},
				"up": {"uv": [2.14063, 13.46875, 4.84375, 15.85938], "rotation": 90, "texture": "#1"},
				"down": {"uv": [2.14063, 13.46875, 4.84375, 15.85938], "rotation": 90, "texture": "#1"}
			}
		},
		{
			"from": [-0.1, 12.7, 0.1],
			"to": [1.1, 14.4, 1.9],
			"rotation": {"angle": 0, "axis": "y", "origin": [8, 7.2, -6]},
			"faces": {
				"north": {"uv": [12, 10.79688, 14.34375, 13.1875], "rotation": 90, "texture": "#1"},
				"east": {"uv": [12, 10.79688, 14.34375, 13.1875], "texture": "#1"},
				"south": {"uv": [12, 10.79688, 14.34375, 13.1875], "rotation": 90, "texture": "#1"},
				"west": {"uv": [12, 10.79688, 14.34375, 13.1875], "texture": "#1"},
				"up": {"uv": [12, 10.79688, 14.34375, 13.1875], "rotation": 90, "texture": "#1"},
				"down": {"uv": [12, 10.79688, 14.34375, 13.1875], "rotation": 90, "texture": "#1"}
			}
		},
		{
			"from": [-0.1, 14.1, 1.9],
			"to": [1.1, 14.4, 5.1],
			"rotation": {"angle": 0, "axis": "y", "origin": [8, 7.2, -6]},
			"faces": {
				"east": {"uv": [10.79688, 10.98438, 14.14063, 11.48438], "texture": "#1"},
				"west": {"uv": [10.79688, 10.98438, 14.14063, 11.48438], "texture": "#1"},
				"up": {"uv": [10.79688, 10.98438, 14.14063, 12.71875], "rotation": 90, "texture": "#1"},
				"down": {"uv": [10.79688, 10.98438, 14.14063, 12.75], "rotation": 90, "texture": "#1"}
			}
		},
		{
			"from": [0.5, 13.9, 2.15],
			"to": [0.9, 14, 5.05],
			"rotation": {"angle": 0, "axis": "y", "origin": [8, 22.9, 8]},
			"faces": {
				"east": {"uv": [0, 0, 0.00781, 0.00781], "rotation": 270, "texture": "#3"},
				"down": {"uv": [0, 0, 0.00781, 0.00781], "rotation": 270, "texture": "#3"}
			}
		},
		{
			"from": [0.4, 13.9, 2.15],
			"to": [0.5, 14, 4.95],
			"rotation": {"angle": 0, "axis": "y", "origin": [8, 22.9, 8]},
			"faces": {
				"down": {"uv": [0, 0, 16, 16], "rotation": 90, "texture": "#2"}
			}
		},
		{
			"from": [0.1, 13.9, 2.15],
			"to": [0.4, 14, 4.95],
			"rotation": {"angle": 0, "axis": "y", "origin": [8, 22.9, 8]},
			"faces": {
				"west": {"uv": [0, 0, 0.00781, 0.00781], "rotation": 270, "texture": "#3"},
				"down": {"uv": [0, 0, 0.00781, 0.00781], "rotation": 270, "texture": "#3"}
			}
		},
		{
			"from": [0.1, 0, 15.95],
			"to": [0.9, 1.7, 16.05],
			"rotation": {"angle": 0, "axis": "y", "origin": [8, -5, 8]},
			"faces": {
				"east": {"uv": [0, 0, 0.00781, 0.01563], "texture": "#3"},
				"south": {"uv": [0, 0, 0.00781, 0.01563], "texture": "#3"},
				"west": {"uv": [0, 0, 0.00781, 0.01563], "texture": "#3"},
				"up": {"uv": [0, 0, 0.00781, 0.01563], "texture": "#3"}
			}
		},
		{
			"from": [0.4, 0, 16.05],
			"to": [0.55, 0.3, 16.25],
			"rotation": {"angle": 0, "axis": "y", "origin": [8, -5, 8]},
			"faces": {
				"east": {"uv": [0, 0, 0.00781, 0.01563], "texture": "#3"},
				"south": {"uv": [0, 0, 0.00781, 0.01563], "texture": "#3"},
				"west": {"uv": [0, 0, 0.00781, 0.01563], "texture": "#3"},
				"up": {"uv": [0, 0, 0.00781, 0.01563], "texture": "#3"}
			}
		},
		{
			"from": [1.5, 0, 14.2],
			"to": [1.7, 8.4, 14.9],
			"rotation": {"angle": 0, "axis": "y", "origin": [8, 7.4, 8]},
			"faces": {
				"north": {"uv": [8.14, 0, 9.193, 15.999], "texture": "#3"},
				"east": {"uv": [0, 0, 1.953, 15.999], "texture": "#3"},
				"south": {"uv": [3.625, 0.063, 4.789, 16], "texture": "#3"},
				"west": {"uv": [1.375, 0, 3.124, 15.998], "texture": "#3"},
				"up": {"uv": [0, 0, 0.01563, 0.00781], "rotation": 270, "texture": "#3"}
			}
		},
		{
			"from": [1, 6.4, 14.45],
			"to": [1.5, 7, 14.65],
			"rotation": {"angle": 0, "axis": "y", "origin": [8, 3.4, 8]},
			"faces": {
				"north": {"uv": [0, 0, 0.00781, 0.01563], "texture": "#3"},
				"south": {"uv": [0, 0, 0.00781, 0.01563], "texture": "#3"},
				"up": {"uv": [0, 0, 0.00781, 0.00781], "rotation": 270, "texture": "#3"},
				"down": {"uv": [0, 0, 0.00781, 0.00781], "rotation": 90, "texture": "#3"}
			}
		},
		{
			"from": [-0.5, 6.4, 14.45],
			"to": [0, 7, 14.65],
			"rotation": {"angle": 0, "axis": "y", "origin": [6, 3.4, 8]},
			"faces": {
				"north": {"uv": [0, 0, 0.00781, 0.01563], "texture": "#3"},
				"south": {"uv": [0, 0, 0.00781, 0.01563], "texture": "#3"},
				"up": {"uv": [0, 0, 0.00781, 0.00781], "rotation": 270, "texture": "#3"},
				"down": {"uv": [0, 0, 0.00781, 0.00781], "rotation": 90, "texture": "#3"}
			}
		},
		{
			"from": [-0.7, 0, 14.2],
			"to": [-0.5, 8.4, 14.9],
			"rotation": {"angle": 0, "axis": "y", "origin": [6, 7.4, 8]},
			"faces": {
				"north": {"uv": [8.14, 0, 9.193, 15.999], "texture": "#3"},
				"east": {"uv": [0, 0, 1.953, 15.999], "texture": "#3"},
				"south": {"uv": [3.625, 0.063, 4.789, 16], "texture": "#3"},
				"west": {"uv": [1.375, 0, 3.124, 15.998], "texture": "#3"},
				"up": {"uv": [0, 0, 0.01563, 0.00781], "rotation": 270, "texture": "#3"}
			}
		},
		{
			"from": [0, 0, 0],
			"to": [1, 16, 2.1],
			"rotation": {"angle": 0, "axis": "y", "origin": [8, -8, 8]},
			"faces": {
				"north": {"uv": [2.125, 0, 4, 15.997], "texture": "#1"},
				"east": {"uv": [2.125, 0, 4, 15.997], "texture": "#1"},
				"south": {"uv": [2.125, 0, 4, 15.997], "texture": "#1"},
				"west": {"uv": [2.125, 0, 4, 15.997], "texture": "#1"},
				"up": {"uv": [2.125, 0, 4, 15.997], "texture": "#1"}
			}
		},
		{
			"from": [0.1, 10.3, -0.1],
			"to": [0.9, 13, 0],
			"faces": {
				"north": {"uv": [0, 0, 2.613, 6.341], "texture": "#3"},
				"east": {"uv": [0, 0, 2.613, 6.341], "texture": "#3"},
				"west": {"uv": [0, 0, 2.613, 6.341], "texture": "#3"},
				"up": {"uv": [0, 0, 2.613, 6.341], "texture": "#3"},
				"down": {"uv": [0, 0, 2.613, 6.341], "texture": "#3"}
			}
		}
	],
	"groups": [
		{
			"name": "top",
			"origin": [8, 8, 8],
			"color": 0,
			"children": [
				{
					"name": "group",
					"origin": [8, 8, 8],
					"color": 0,
					"children": [0, 1, 2, 3, 4, 5, 6, 7, 8, 9, 10, 11, 12, 13, 14, 15, 16, 17, 18, 19, 20, 21, 22, 23, 24, 25, 26, 27, 28, 29, 30, 31, 32, 33, 34, 35]
				}
			]
		},
		36
	]
}