{
	"credit": "Made with Blockbench",
	"textures": {
		"0": "block/cmodels/background_vine",
		"1": "block/cmodels/leave_vine1",
		"2": "block/cmodels/leave_vine2",
		"3": "block/cmodels/leave_vine3",
		"4": "block/cmodels/leave_vine4",
		"5": "block/cmodels/leave_vine5",
		"6": "block/cmodels/yellow_fruit",
		"particle": "block/cmodels/background_vine"
	},
	"elements": [
		{
			"from": [-4.3, 0, 11.3],
			"to": [4.3, 16, 11.3],
			"rotation": {"angle": 45, "axis": "y", "origin": [0, 0, 0]},
			"faces": {
				"north": {"uv": [0, 0, 16, 16], "texture": "#0"},
				"south": {"uv": [0, 0, 16, 16], "texture": "#0"}
			}
		},
		{
			"from": [11.7, 0, 11.3],
			"to": [20.3, 16, 11.3],
			"rotation": {"angle": -45, "axis": "y", "origin": [16, 0, 0]},
			"faces": {
				"north": {"uv": [0, 0, 16, 16], "texture": "#0"},
				"south": {"uv": [0, 0, 16, 16], "texture": "#0"}
			}
		},
		{
			"from": [-0.7, 3.3, 2.9],
			"to": [-0.7, 10, 9.5],
			"rotation": {"angle": -22.5, "axis": "z", "origin": [0, 0, 0]},
			"faces": {
				"east": {"uv": [0, 0, 16, 16], "texture": "#1"},
				"west": {"uv": [0, 0, 16, 16], "texture": "#1"}
			}
		},
		{
			"from": [6.3, 2.3, 4.9],
			"to": [6.3, 7, 10.5],
			"rotation": {"angle": -22.5, "axis": "z", "origin": [0, 6, 0]},
			"faces": {
				"east": {"uv": [0, 0, 16, 16], "texture": "#6"},
				"west": {"uv": [16, 0, 0, 16], "texture": "#6"}
			}
		},
		{
			"from": [5.9, 11.3, 2.7],
			"to": [11.5, 16, 2.7],
			"rotation": {"angle": -22.5, "axis": "y", "origin": [0, 6, 0]},
			"faces": {
				"north": {"uv": [0, 0, 16, 16], "texture": "#6"},
				"south": {"uv": [16, 0, 0, 16], "texture": "#6"}
			}
		},
		{
			"from": [10.70002, 6.3, 4.55455],
			"to": [10.70002, 11, 10.15455],
			"rotation": {"angle": -45, "axis": "y", "origin": [10.70002, 8.65, 7.35455]},
			"faces": {
				"east": {"uv": [0, 0, 16, 16], "texture": "#6"},
				"west": {"uv": [16, 0, 0, 16], "texture": "#6"}
			}
		},
		{
			"from": [4.98917, -3.99979, 11.2],
			"to": [11.58917, 2.70021, 11.2],
			"rotation": {"angle": 0, "axis": "y", "origin": [9.28917, 3.35021, 14.2]},
			"faces": {
				"north": {"uv": [0, 0, 16, 16], "texture": "#4"},
				"south": {"uv": [0, 0, 16, 16], "texture": "#4"}
			}
		},
		{
			"from": [4.98917, -3.99979, 7.7],
			"to": [11.58917, 2.70021, 7.7],
			"rotation": {"angle": -45, "axis": "y", "origin": [8.28917, -1.64979, 8.2]},
			"faces": {
				"north": {"uv": [0, 0, 16, 16], "texture": "#5"},
				"south": {"uv": [0, 0, 16, 16], "texture": "#5"}
			}
		},
		{
			"from": [4.10718, 13.00021, 3.83934],
			"to": [4.10718, 19.70021, 10.43934],
			"rotation": {"angle": -45, "axis": "z", "origin": [5.10718, 15.35021, 7.13934]},
			"faces": {
				"east": {"uv": [0, 0, 16, 16], "texture": "#5"},
				"west": {"uv": [0, 0, 16, 16], "texture": "#5"}
			}
		},
		{
			"from": [3.45163, 4.99354, 5.8],
			"to": [8.95163, 9.79354, 5.8],
			"rotation": {"angle": 22.5, "axis": "x", "origin": [4.25163, 12.09354, 5.4]},
			"faces": {
				"north": {"uv": [0, 0, 16, 16], "texture": "#1"},
				"south": {"uv": [0, 0, 16, 16], "texture": "#1"}
			}
		},
		{
			"from": [6.15163, -2.10646, 8.8],
			"to": [10.95163, 2.09354, 8.8],
			"rotation": {"angle": 22.5, "axis": "x", "origin": [4.25163, 12.09354, 5.4]},
			"faces": {
				"north": {"uv": [0, 0, 16, 16], "texture": "#3"},
				"south": {"uv": [0, 0, 16, 16], "texture": "#3"}
			}
		},
		{
			"from": [6.45163, 12.99354, 2.8],
			"to": [11.95163, 17.79354, 2.8],
			"rotation": {"angle": 22.5, "axis": "x", "origin": [4.25163, 12.09354, 5.4]},
			"faces": {
				"north": {"uv": [0, 0, 16, 16], "texture": "#3"},
				"south": {"uv": [0, 0, 16, 16], "texture": "#3"}
			}
		},
		{
			"from": [2.45163, 8.99354, 5.8],
			"to": [7.95163, 13.79354, 5.8],
			"rotation": {"angle": -22.5, "axis": "y", "origin": [4.25163, 12.09354, 5.4]},
			"faces": {
				"north": {"uv": [0, 0, 16, 16], "texture": "#1"},
				"south": {"uv": [0, 0, 16, 16], "texture": "#1"}
			}
		},
		{
			"from": [8.90623, 3.99354, 12.24232],
			"to": [11.80623, 6.69354, 12.24232],
			"rotation": {"angle": -22.5, "axis": "x", "origin": [10.35623, 5.34354, 12.24232]},
			"faces": {
				"north": {"uv": [0, 0, 16, 16], "texture": "#1"},
				"south": {"uv": [0, 0, 16, 16], "texture": "#1"}
			}
		},
		{
			"from": [13.35623, 10.46069, 8.51353],
			"to": [13.35623, 15.86069, 13.01353],
			"rotation": {"angle": 0, "axis": "y", "origin": [11.35623, 11.81069, 9.56353]},
			"faces": {
				"east": {"uv": [0, 0, 16, 16], "texture": "#1"},
				"west": {"uv": [0, 0, 16, 16], "texture": "#1"}
			}
		},
		{
			"from": [11.35623, 5.56069, 3.81353],
			"to": [11.35623, 12.56069, 10.11353],
			"rotation": {"angle": 22.5, "axis": "z", "origin": [11.35623, 11.81069, 9.56353]},
			"faces": {
				"east": {"uv": [0, 0, 16, 16], "texture": "#3"},
				"west": {"uv": [0, 0, 16, 16], "texture": "#3"}
			}
		},
		{
			"from": [10.35623, -1.53931, 6.51353],
			"to": [10.35623, 3.86069, 11.01353],
			"rotation": {"angle": 22.5, "axis": "z", "origin": [10.35623, 1.16069, 8.76353]},
			"faces": {
				"east": {"uv": [0, 0, 16, 16], "texture": "#2"},
				"west": {"uv": [0, 0, 16, 16], "texture": "#2"}
			}
		},
		{
			"from": [3.10623, 12.46069, 9.76353],
			"to": [7.60623, 17.86069, 9.76353],
			"rotation": {"angle": 45, "axis": "y", "origin": [10.35623, 1.16069, 8.76353]},
			"faces": {
				"north": {"uv": [0, 0, 16, 16], "texture": "#2"},
				"south": {"uv": [0, 0, 16, 16], "texture": "#2"}
			}
		},
		{
			"from": [4.10623, -0.53931, 14.76353],
			"to": [8.60623, 4.86069, 14.76353],
			"rotation": {"angle": -22.5, "axis": "x", "origin": [10.35623, 1.16069, 8.76353]},
			"faces": {
				"north": {"uv": [0, 0, 16, 16], "texture": "#2"},
				"south": {"uv": [0, 0, 16, 16], "texture": "#2"}
			}
		},
		{
			"from": [4.05163, 2.79354, 5.4],
			"to": [7.65163, 6.69354, 5.4],
			"rotation": {"angle": -22.5, "axis": "y", "origin": [4.25163, 12.09354, 5.4]},
			"faces": {
				"north": {"uv": [0, 0, 16, 16], "texture": "#1"},
				"south": {"uv": [0, 0, 16, 16], "texture": "#1"}
			}
		}
	]
}