{
	"credit": "Made with Blockbench",
	"textures": {
		"cross": "block/mangrove_roots"
	},
	"elements": [
		{
			"from": [0.8, 3, 8],
			"to": [15.2, 16, 8],
			"shade": false,
			"rotation": {"angle": 45, "axis": "y", "origin": [8, 8, 8], "rescale": true},
			"faces": {
				"north": {"uv": [0, 3.5, 16, 16], "texture": "#cross"},
				"south": {"uv": [0, 3.51563, 16, 16], "texture": "#cross"}
			}
		},
		{
			"from": [8, 3, 0.8],
			"to": [8, 16, 15.2],
			"shade": false,
			"rotation": {"angle": 45, "axis": "y", "origin": [8, 8, 8], "rescale": true},
			"faces": {
				"east": {"uv": [0, 3.0625, 16, 16], "texture": "#cross"},
				"west": {"uv": [0, 3.0625, 16, 16], "texture": "#cross"}
			}
		}
	]
}