{
	"credit": "Made with Blockbench",
	"textures": {
		"0": "block/cmodels/redstone_torch",
		"1": "block/cmodels/redstone_torch_e",
		"particle": "block/cmodels/redstone_torch"
	},
	"elements": [
		{
			"name": "hexadecagon",
			"from": [7.82098, 0, 7.1],
			"to": [8.17902, 0.1, 8.9],
			"rotation": {"angle": -45, "axis": "y", "origin": [8, 0, 8]},
			"faces": {
				"north": {"uv": [12.3125, 3.32813, 13.3125, 4.32813], "texture": "#1"},
				"south": {"uv": [12.26563, 3.40625, 13.26563, 4.40625], "texture": "#1"},
				"up": {"uv": [12.26563, 3.40625, 13.26563, 4.40625], "texture": "#1"},
				"down": {"uv": [12.23438, 3.40625, 13.23438, 4.40625], "texture": "#1"}
			}
		},
		{
			"name": "hexadecagon",
			"from": [7.82098, 0, 7.1],
			"to": [8.17902, 0.1, 8.9],
			"rotation": {"angle": -22.5, "axis": "y", "origin": [8, 0, 8]},
			"faces": {
				"north": {"uv": [12.34375, 3.4375, 13.34375, 4.4375], "texture": "#1"},
				"south": {"uv": [12.3125, 3.32813, 13.3125, 4.32813], "texture": "#1"},
				"up": {"uv": [12.26563, 3.40625, 13.26563, 4.40625], "texture": "#1"},
				"down": {"uv": [12.23438, 3.40625, 13.23438, 4.40625], "texture": "#1"}
			}
		},
		{
			"name": "hexadecagon",
			"from": [7.82098, 0, 7.1],
			"to": [8.17902, 0.1, 8.9],
			"rotation": {"angle": 0, "axis": "y", "origin": [8, 0, 8]},
			"faces": {
				"north": {"uv": [12.34375, 3.4375, 13.34375, 4.4375], "texture": "#1"},
				"south": {"uv": [12.23438, 3.51563, 13.23438, 4.51563], "texture": "#1"},
				"up": {"uv": [12.26563, 3.40625, 13.26563, 4.40625], "texture": "#1"},
				"down": {"uv": [12.23438, 3.40625, 13.23438, 4.40625], "texture": "#1"}
			}
		},
		{
			"name": "hexadecagon",
			"from": [7.82098, 0, 7.1],
			"to": [8.17902, 0.1, 8.9],
			"rotation": {"angle": 22.5, "axis": "y", "origin": [8, 0, 8]},
			"faces": {
				"north": {"uv": [12.23438, 3.48438, 13.23438, 4.48438], "texture": "#1"},
				"south": {"uv": [12.23438, 3.35938, 13.23438, 4.35938], "texture": "#1"},
				"up": {"uv": [12.26563, 3.40625, 13.26563, 4.40625], "texture": "#1"},
				"down": {"uv": [12.23438, 3.40625, 13.23438, 4.40625], "texture": "#1"}
			}
		},
		{
			"name": "hexadecagon",
			"from": [7.82098, 0, 7.1],
			"to": [8.17902, 0.1, 8.9],
			"rotation": {"angle": 45, "axis": "y", "origin": [8, 0, 8]},
			"faces": {
				"north": {"uv": [12.20313, 3.32813, 13.20313, 4.32813], "texture": "#1"},
				"south": {"uv": [12.23438, 3.4375, 13.23438, 4.4375], "texture": "#1"},
				"up": {"uv": [12.26563, 3.40625, 13.26563, 4.40625], "texture": "#1"},
				"down": {"uv": [12.23438, 3.40625, 13.23438, 4.40625], "texture": "#1"}
			}
		},
		{
			"name": "hexadecagon",
			"from": [7.1, 0, 7.82098],
			"to": [8.9, 0.1, 8.17902],
			"rotation": {"angle": -22.5, "axis": "y", "origin": [8, 0, 8]},
			"faces": {
				"east": {"uv": [12.26563, 3.4375, 13.26563, 4.4375], "texture": "#1"},
				"west": {"uv": [12.125, 3.35938, 13.125, 4.35938], "texture": "#1"},
				"up": {"uv": [12.26563, 3.40625, 13.26563, 4.40625], "texture": "#1"},
				"down": {"uv": [12.23438, 3.40625, 13.23438, 4.40625], "texture": "#1"}
			}
		},
		{
			"name": "hexadecagon",
			"from": [7.1, 0, 7.82098],
			"to": [8.9, 0.1, 8.17902],
			"rotation": {"angle": 0, "axis": "y", "origin": [8, 0, 8]},
			"faces": {
				"east": {"uv": [12.26563, 3.4375, 13.26563, 4.4375], "texture": "#1"},
				"west": {"uv": [12.23438, 3.40625, 13.23438, 4.40625], "texture": "#1"},
				"up": {"uv": [12.26563, 3.40625, 13.26563, 4.40625], "texture": "#1"},
				"down": {"uv": [12.23438, 3.40625, 13.23438, 4.40625], "texture": "#1"}
			}
		},
		{
			"name": "hexadecagon",
			"from": [7.1, 0, 7.82098],
			"to": [8.9, 0.1, 8.17902],
			"rotation": {"angle": 22.5, "axis": "y", "origin": [8, 0, 8]},
			"faces": {
				"east": {"uv": [12.26563, 3.5625, 13.26563, 4.5625], "texture": "#1"},
				"west": {"uv": [12.23438, 3.5625, 13.23438, 4.5625], "texture": "#1"},
				"up": {"uv": [12.26563, 3.40625, 13.26563, 4.40625], "texture": "#1"},
				"down": {"uv": [12.23438, 3.40625, 13.23438, 4.40625], "texture": "#1"}
			}
		},
		{
			"name": "hexadecagon",
			"from": [7.92044, 0.1, 7.6],
			"to": [8.07956, 1.7, 8.4],
			"rotation": {"angle": -45, "axis": "y", "origin": [8, 0.6, 8]},
			"faces": {
				"north": {"uv": [12.07813, 3.4375, 13.07813, 4.4375], "texture": "#1"},
				"south": {"uv": [12.20313, 3.4375, 13.20313, 4.4375], "texture": "#1"}
			}
		},
		{
			"name": "hexadecagon",
			"from": [7.92044, 0.1, 7.6],
			"to": [8.07956, 1.7, 8.4],
			"rotation": {"angle": -22.5, "axis": "y", "origin": [8, 0.6, 8]},
			"faces": {
				"north": {"uv": [12.07813, 3.4375, 13.07813, 4.4375], "texture": "#1"},
				"south": {"uv": [12.07813, 3.35938, 13.07813, 4.35938], "texture": "#1"}
			}
		},
		{
			"name": "hexadecagon",
			"from": [7.92044, 0.1, 7.6],
			"to": [8.07956, 1.7, 8.4],
			"rotation": {"angle": 0, "axis": "y", "origin": [8, 0.6, 8]},
			"faces": {
				"north": {"uv": [12.5, 3.35938, 13.5, 4.35938], "texture": "#1"},
				"south": {"uv": [12.5, 3.40625, 13.5, 4.40625], "texture": "#1"}
			}
		},
		{
			"name": "hexadecagon",
			"from": [7.92044, 0.1, 7.6],
			"to": [8.07956, 1.7, 8.4],
			"rotation": {"angle": 22.5, "axis": "y", "origin": [8, 0.6, 8]},
			"faces": {
				"north": {"uv": [12.3125, 3.51563, 13.3125, 4.51563], "texture": "#1"},
				"south": {"uv": [12.46875, 3.25, 13.46875, 4.25], "texture": "#1"}
			}
		},
		{
			"name": "hexadecagon",
			"from": [7.92044, 0.1, 7.6],
			"to": [8.07956, 1.7, 8.4],
			"rotation": {"angle": 45, "axis": "y", "origin": [8, 0.6, 8]},
			"faces": {
				"north": {"uv": [12.54688, 3.14063, 13.54688, 4.14063], "texture": "#1"},
				"south": {"uv": [12.46875, 3.25, 13.46875, 4.25], "texture": "#1"}
			}
		},
		{
			"name": "hexadecagon",
			"from": [7.6, 0.1, 7.92044],
			"to": [8.4, 1.7, 8.07956],
			"rotation": {"angle": -22.5, "axis": "y", "origin": [8, 0.6, 8]},
			"faces": {
				"east": {"uv": [12.26563, 3.32813, 13.26563, 4.32813], "texture": "#1"},
				"west": {"uv": [12.34375, 3.32813, 13.34375, 4.32813], "texture": "#1"}
			}
		},
		{
			"name": "hexadecagon",
			"from": [7.6, 0.1, 7.92044],
			"to": [8.4, 1.7, 8.07956],
			"rotation": {"angle": 0, "axis": "y", "origin": [8, 0.6, 8]},
			"faces": {
				"east": {"uv": [12.42188, 3.48438, 13.42188, 4.48438], "texture": "#1"},
				"west": {"uv": [12.3125, 3.4375, 13.3125, 4.4375], "texture": "#1"}
			}
		},
		{
			"name": "hexadecagon",
			"from": [7.6, 0.1, 7.92044],
			"to": [8.4, 1.7, 8.07956],
			"rotation": {"angle": 22.5, "axis": "y", "origin": [8, 0.6, 8]},
			"faces": {
				"east": {"uv": [12.125, 3.32813, 13.125, 4.32813], "texture": "#1"},
				"west": {"uv": [12.04688, 3.40625, 13.04688, 4.40625], "texture": "#1"}
			}
		},
		{
			"name": "hexadecagon",
			"from": [7.82098, 2.1, 7.1],
			"to": [8.17902, 2.6, 8.9],
			"rotation": {"angle": -45, "axis": "y", "origin": [8, 2.6, 8]},
			"faces": {
				"north": {"uv": [9.75, 2.17188, 10.75, 3.17188], "texture": "#1"},
				"south": {"uv": [12.59375, 0.8125, 13.59375, 1.8125], "texture": "#1"},
				"up": {"uv": [12.15625, 3.75, 13.15625, 4.75], "texture": "#1"},
				"down": {"uv": [12.42188, 3.48438, 13.42188, 4.48438], "texture": "#1"}
			}
		},
		{
			"name": "hexadecagon",
			"from": [7.82098, 2.1, 7.1],
			"to": [8.17902, 2.6, 8.9],
			"rotation": {"angle": -22.5, "axis": "y", "origin": [8, 2.6, 8]},
			"faces": {
				"north": {"uv": [10.76563, 2.17188, 11.76563, 3.17188], "texture": "#1"},
				"south": {"uv": [11.89063, 0.875, 12.89063, 1.875], "texture": "#1"},
				"up": {"uv": [11.23438, 3.9375, 12.23438, 4.9375], "texture": "#1"},
				"down": {"uv": [11.23438, 3.96875, 12.23438, 4.96875], "texture": "#1"}
			}
		},
		{
			"name": "hexadecagon",
			"from": [7.82098, 2.1, 7.1],
			"to": [8.17902, 2.6, 8.9],
			"rotation": {"angle": 0, "axis": "y", "origin": [8, 2.6, 8]},
			"faces": {
				"north": {"uv": [11.75, 2.17188, 12.75, 3.17188], "texture": "#1"},
				"south": {"uv": [7.48438, 5.59375, 8.48438, 6.59375], "texture": "#1"},
				"up": {"uv": [11.35938, 3.78125, 12.35938, 4.78125], "texture": "#1"},
				"down": {"uv": [11.35938, 3.78125, 12.35938, 4.78125], "texture": "#1"}
			}
		},
		{
			"name": "hexadecagon",
			"from": [7.82098, 2.1, 7.1],
			"to": [8.17902, 2.6, 8.9],
			"rotation": {"angle": 22.5, "axis": "y", "origin": [8, 2.6, 8]},
			"faces": {
				"north": {"uv": [12.78125, 2.17188, 13.78125, 3.17188], "texture": "#1"},
				"south": {"uv": [10.60938, 0.9375, 11.60938, 1.9375], "texture": "#1"},
				"up": {"uv": [12.84375, 3.59375, 13.84375, 4.59375], "texture": "#1"},
				"down": {"uv": [12.8125, 3.51563, 13.8125, 4.51563], "texture": "#1"}
			}
		},
		{
			"name": "hexadecagon",
			"from": [7.82098, 2.1, 7.1],
			"to": [8.17902, 2.6, 8.9],
			"rotation": {"angle": 45, "axis": "y", "origin": [8, 2.6, 8]},
			"faces": {
				"north": {"uv": [13.78125, 2.17188, 14.78125, 3.17188], "texture": "#1"},
				"south": {"uv": [10.4375, 0.875, 11.4375, 1.875], "texture": "#1"},
				"up": {"uv": [12.15625, 3.75, 13.15625, 4.75], "texture": "#1"},
				"down": {"uv": [12.26563, 3.70313, 13.26563, 4.70313], "texture": "#1"}
			}
		},
		{
			"name": "hexadecagon",
			"from": [7.1, 2.1, 7.82098],
			"to": [8.9, 2.6, 8.17902],
			"rotation": {"angle": -22.5, "axis": "y", "origin": [8, 2.6, 8]},
			"faces": {
				"east": {"uv": [10.95313, 0.9375, 11.95313, 1.9375], "texture": "#1"},
				"west": {"uv": [12.40625, 1.04688, 13.40625, 2.04688], "texture": "#1"},
				"up": {"uv": [11.8125, 3.67188, 12.8125, 4.67188], "texture": "#1"},
				"down": {"uv": [11.89063, 3.51563, 12.89063, 4.51563], "texture": "#1"}
			}
		},
		{
			"name": "hexadecagon",
			"from": [7.1, 2.1, 7.82098],
			"to": [8.9, 2.6, 8.17902],
			"rotation": {"angle": 0, "axis": "y", "origin": [8, 2.6, 8]},
			"faces": {
				"east": {"uv": [7.75, 2.15625, 8.75, 3.15625], "texture": "#1"},
				"west": {"uv": [7.46875, 5.5, 8.46875, 6.5], "texture": "#1"},
				"up": {"uv": [12.54688, 3.90625, 13.54688, 4.90625], "texture": "#1"},
				"down": {"uv": [12.84375, 3.9375, 13.8125, 4.9375], "texture": "#1"}
			}
		},
		{
			"name": "hexadecagon",
			"from": [7.1, 2.1, 7.82098],
			"to": [8.9, 2.6, 8.17902],
			"rotation": {"angle": 22.5, "axis": "y", "origin": [8, 2.6, 8]},
			"faces": {
				"east": {"uv": [8.75, 2.15625, 9.75, 3.15625], "texture": "#1"},
				"west": {"uv": [10.4375, 0.875, 11.4375, 1.875], "texture": "#1"},
				"up": {"uv": [11.92188, 3.59375, 12.92188, 4.59375], "texture": "#1"},
				"down": {"uv": [11.89063, 3.75, 12.89063, 4.75], "texture": "#1"}
			}
		},
		{
			"name": "hexadecagon",
			"from": [7.95, 6.13092, 8.75],
			"to": [8.05, 6.46908, 8.85],
			"rotation": {"angle": -45, "axis": "x", "origin": [7.9, 6.3, 8]},
			"faces": {
				"north": {"uv": [12.73438, 3.40625, 13.73438, 4.40625], "texture": "#1"},
				"east": {"uv": [12.73438, 3.40625, 13.73438, 4.40625], "texture": "#1"},
				"south": {"uv": [12.76563, 3.48438, 13.76563, 4.48438], "texture": "#1"},
				"west": {"uv": [12.76563, 3.35938, 13.76563, 4.35938], "texture": "#1"}
			}
		},
		{
			"name": "hexadecagon",
			"from": [7.95, 6.13092, 8.75],
			"to": [8.05, 6.46908, 8.85],
			"rotation": {"angle": -22.5, "axis": "x", "origin": [7.9, 6.3, 8]},
			"faces": {
				"north": {"uv": [12.125, 3.48438, 13.125, 4.48438], "texture": "#1"},
				"east": {"uv": [11.96875, 3.40625, 12.96875, 4.40625], "texture": "#1"},
				"south": {"uv": [11.85938, 3.5625, 12.85938, 4.5625], "texture": "#1"},
				"west": {"uv": [12.04688, 3.4375, 13.04688, 4.4375], "texture": "#1"}
			}
		},
		{
			"name": "hexadecagon",
			"from": [7.95, 6.13092, 7.15],
			"to": [8.05, 6.46908, 7.25],
			"rotation": {"angle": 22.5, "axis": "x", "origin": [7.9, 6.3, 8]},
			"faces": {
				"north": {"uv": [11.96875, 3.51563, 12.96875, 4.51563], "texture": "#1"},
				"east": {"uv": [12.07813, 3.51563, 13.07813, 4.51563], "texture": "#1"},
				"south": {"uv": [11.96875, 3.32813, 12.96875, 4.32813], "texture": "#1"},
				"west": {"uv": [11.92188, 3.4375, 12.92188, 4.4375], "texture": "#1"}
			}
		},
		{
			"name": "hexadecagon",
			"from": [7.95, 6.13092, 7.15],
			"to": [8.05, 6.46908, 7.25],
			"rotation": {"angle": 45, "axis": "x", "origin": [7.9, 6.3, 8]},
			"faces": {
				"north": {"uv": [12.39063, 3.28125, 13.39063, 4.28125], "texture": "#1"},
				"east": {"uv": [12.34375, 3.21875, 13.34375, 4.21875], "texture": "#1"},
				"south": {"uv": [12.3125, 3.35938, 13.3125, 4.35938], "texture": "#1"},
				"west": {"uv": [12.26563, 3.32813, 13.26563, 4.32813], "texture": "#1"}
			}
		},
		{
			"name": "hexadecagon",
			"from": [7.95, 7.05, 7.83092],
			"to": [8.05, 7.15, 8.16908],
			"rotation": {"angle": -22.5, "axis": "x", "origin": [7.9, 6.3, 8]},
			"faces": {
				"east": {"uv": [12.46875, 3.35938, 13.46875, 4.35938], "texture": "#1"},
				"west": {"uv": [12.46875, 3.28125, 13.46875, 4.28125], "texture": "#1"},
				"up": {"uv": [12.54688, 3.32813, 13.54688, 4.32813], "texture": "#1"},
				"down": {"uv": [12.5, 3.25, 13.5, 4.25], "texture": "#1"}
			}
		},
		{
			"name": "hexadecagon",
			"from": [7.95, 7.05, 7.83092],
			"to": [8.05, 7.15, 8.16908],
			"rotation": {"angle": 0, "axis": "y", "origin": [7.9, 6.3, 8]},
			"faces": {
				"east": {"uv": [12.39063, 3.35938, 13.39063, 4.35938], "texture": "#1"},
				"west": {"uv": [12.34375, 3.28125, 13.34375, 4.28125], "texture": "#1"},
				"up": {"uv": [12.26563, 3.40625, 13.26563, 4.40625], "texture": "#1"},
				"down": {"uv": [12.39063, 3.4375, 13.39063, 4.4375], "texture": "#1"}
			}
		},
		{
			"name": "hexadecagon",
			"from": [7.95, 7.05, 7.83092],
			"to": [8.05, 7.15, 8.16908],
			"rotation": {"angle": 22.5, "axis": "x", "origin": [7.9, 6.3, 8]},
			"faces": {
				"east": {"uv": [12.3125, 3.32813, 13.3125, 4.32813], "texture": "#1"},
				"west": {"uv": [12.39063, 3.32813, 13.39063, 4.32813], "texture": "#1"},
				"up": {"uv": [12.34375, 3.35938, 13.34375, 4.35938], "texture": "#1"},
				"down": {"uv": [12.39063, 3.35938, 13.39063, 4.35938], "texture": "#1"}
			}
		},
		{
			"name": "hexadecagon",
			"from": [8.75, 2.53092, 7.95],
			"to": [8.85, 6.46908, 8.05],
			"rotation": {"angle": 0, "axis": "y", "origin": [8, 6.3, 7.9]},
			"faces": {
				"north": {"uv": [12.92188, 4.20313, 13.26563, 7.04688], "texture": "#1"},
				"east": {"uv": [12.92188, 4.20313, 13.26563, 7.04688], "texture": "#1"},
				"south": {"uv": [12.92188, 4.20313, 13.26563, 7.04688], "texture": "#1"},
				"west": {"uv": [12.92188, 4.1875, 13.26563, 7.04688], "texture": "#1"}
			}
		},
		{
			"name": "hexadecagon",
			"from": [7.95, 2.53092, 8.75],
			"to": [8.05, 6.46908, 8.85],
			"rotation": {"angle": 0, "axis": "y", "origin": [8, 6.3, 7.9]},
			"faces": {
				"north": {"uv": [12.92188, 4.1875, 13.26563, 7.04688], "texture": "#1"},
				"east": {"uv": [12.92188, 4.20313, 13.26563, 7.04688], "texture": "#1"},
				"south": {"uv": [12.92188, 4.20313, 13.26563, 7.04688], "texture": "#1"},
				"west": {"uv": [12.92188, 4.20313, 13.26563, 7.04688], "texture": "#1"}
			}
		},
		{
			"name": "hexadecagon",
			"from": [7.15, 2.53092, 7.95],
			"to": [7.25, 6.46908, 8.05],
			"rotation": {"angle": 0, "axis": "y", "origin": [8, 6.3, 7.9]},
			"faces": {
				"north": {"uv": [12.92188, 4.20313, 13.26563, 7.04688], "texture": "#1"},
				"east": {"uv": [12.92188, 4.1875, 13.26563, 7.04688], "texture": "#1"},
				"south": {"uv": [12.92188, 4.20313, 13.26563, 7.04688], "texture": "#1"},
				"west": {"uv": [12.92188, 4.20313, 13.26563, 7.04688], "texture": "#1"}
			}
		},
		{
			"name": "hexadecagon",
			"from": [7.95, 2.53092, 7.15],
			"to": [8.05, 6.46908, 7.25],
			"rotation": {"angle": 0, "axis": "y", "origin": [8, 6.3, 7.9]},
			"faces": {
				"north": {"uv": [12.92188, 4.20313, 13.26563, 7.04688], "texture": "#1"},
				"east": {"uv": [12.92188, 4.20313, 13.26563, 7.04688], "texture": "#1"},
				"south": {"uv": [12.92188, 4.1875, 13.26563, 7.04688], "texture": "#1"},
				"west": {"uv": [12.92188, 4.20313, 13.26563, 7.04688], "texture": "#1"}
			}
		},
		{
			"name": "hexadecagon",
			"from": [7.83092, 1.8, 7.15],
			"to": [8.16908, 2.1, 8.85],
			"rotation": {"angle": -45, "axis": "y", "origin": [8, 0, 8]},
			"faces": {
				"north": {"uv": [11.1875, 3.5, 12.1875, 4.5], "texture": "#1"},
				"south": {"uv": [11.04688, 3.4375, 12.04688, 4.4375], "texture": "#1"}
			}
		},
		{
			"name": "hexadecagon",
			"from": [7.83092, 1.8, 7.15],
			"to": [8.16908, 2.1, 8.85],
			"rotation": {"angle": -22.5, "axis": "y", "origin": [8, 0, 8]},
			"faces": {
				"north": {"uv": [11.125, 3.60938, 12.125, 4.60938], "texture": "#1"},
				"south": {"uv": [11.15625, 3.67188, 12.15625, 4.67188], "texture": "#1"}
			}
		},
		{
			"name": "hexadecagon",
			"from": [7.83092, 1.8, 7.15],
			"to": [8.16908, 2.1, 8.85],
			"rotation": {"angle": 0, "axis": "y", "origin": [8, 0, 8]},
			"faces": {
				"north": {"uv": [7.42188, 5.65625, 8.42188, 6.65625], "texture": "#1"},
				"south": {"uv": [11.125, 3.59375, 12.125, 4.59375], "texture": "#1"}
			}
		},
		{
			"name": "hexadecagon",
			"from": [7.83092, 1.8, 7.15],
			"to": [8.16908, 2.1, 8.85],
			"rotation": {"angle": 22.5, "axis": "y", "origin": [8, 0, 8]},
			"faces": {
				"north": {"uv": [10.78125, 3.67188, 11.78125, 4.67188], "texture": "#1"},
				"south": {"uv": [10.59375, 3.67188, 11.59375, 4.67188], "texture": "#1"}
			}
		},
		{
			"name": "hexadecagon",
			"from": [7.83092, 1.8, 7.15],
			"to": [8.16908, 2.1, 8.85],
			"rotation": {"angle": 45, "axis": "y", "origin": [8, 0, 8]},
			"faces": {
				"north": {"uv": [11.35938, 3.73438, 12.35938, 4.73438], "texture": "#1"},
				"south": {"uv": [11.20313, 3.67188, 12.20313, 4.67188], "texture": "#1"}
			}
		},
		{
			"name": "hexadecagon",
			"from": [7.15, 1.8, 7.83092],
			"to": [8.85, 2.1, 8.16908],
			"rotation": {"angle": -22.5, "axis": "y", "origin": [8, 0, 8]},
			"faces": {
				"east": {"uv": [12.07813, 3.5625, 13.07813, 4.5625], "texture": "#1"},
				"west": {"uv": [12.42188, 3.57813, 13.42188, 4.57813], "texture": "#1"}
			}
		},
		{
			"name": "hexadecagon",
			"from": [7.15, 1.8, 7.83092],
			"to": [8.85, 2.1, 8.16908],
			"rotation": {"angle": 0, "axis": "y", "origin": [8, 0, 8]},
			"faces": {
				"east": {"uv": [11.01563, 3.59375, 12.01563, 4.59375], "texture": "#1"},
				"west": {"uv": [10.875, 3.71875, 11.875, 4.71875], "texture": "#1"}
			}
		},
		{
			"name": "hexadecagon",
			"from": [7.15, 1.8, 7.83092],
			"to": [8.85, 2.1, 8.16908],
			"rotation": {"angle": 22.5, "axis": "y", "origin": [8, 0, 8]},
			"faces": {
				"east": {"uv": [7.54688, 5.60938, 8.54688, 6.60938], "texture": "#1"},
				"west": {"uv": [11.85938, 3.59375, 12.85938, 4.59375], "texture": "#1"}
			}
		},
		{
			"name": "hexadecagon",
			"from": [7.83092, 2.6, 8.75],
			"to": [8.16908, 2.7, 8.85],
			"rotation": {"angle": -45, "axis": "y", "origin": [8, 2.2, 8]},
			"faces": {
				"north": {"uv": [12.46875, 3.28125, 13.46875, 4.28125], "texture": "#1"},
				"south": {"uv": [12.5, 3.32813, 13.5, 4.32813], "texture": "#1"},
				"up": {"uv": [12.5, 3.4375, 13.5, 4.4375], "texture": "#1"}
			}
		},
		{
			"name": "hexadecagon",
			"from": [7.83092, 2.6, 7.15],
			"to": [8.16908, 2.7, 7.25],
			"rotation": {"angle": -45, "axis": "y", "origin": [8, 2.2, 8]},
			"faces": {
				"north": {"uv": [11.5, 3.40625, 12.5, 4.40625], "texture": "#1"},
				"south": {"uv": [12, 3.48438, 13, 4.48438], "texture": "#1"},
				"up": {"uv": [12.5, 3.4375, 13.5, 4.4375], "texture": "#1"}
			}
		},
		{
			"name": "hexadecagon",
			"from": [7.83092, 2.6, 8.75],
			"to": [8.16908, 2.7, 8.85],
			"rotation": {"angle": -22.5, "axis": "y", "origin": [8, 2.2, 8]},
			"faces": {
				"north": {"uv": [12.54688, 3.40625, 13.54688, 4.40625], "texture": "#1"},
				"south": {"uv": [12.57813, 3.28125, 13.57813, 4.28125], "texture": "#1"},
				"up": {"uv": [12.5, 3.4375, 13.5, 4.4375], "texture": "#1"}
			}
		},
		{
			"name": "hexadecagon",
			"from": [7.83092, 2.6, 7.15],
			"to": [8.16908, 2.7, 7.25],
			"rotation": {"angle": -22.5, "axis": "y", "origin": [8, 2.2, 8]},
			"faces": {
				"north": {"uv": [12.8125, 3.32813, 13.8125, 4.32813], "texture": "#1"},
				"south": {"uv": [12.73438, 3.40625, 13.73438, 4.40625], "texture": "#1"},
				"up": {"uv": [12.5, 3.4375, 13.5, 4.4375], "texture": "#1"}
			}
		},
		{
			"name": "hexadecagon",
			"from": [7.83092, 2.6, 8.75],
			"to": [8.16908, 2.7, 8.85],
			"rotation": {"angle": 0, "axis": "y", "origin": [8, 2.2, 8]},
			"faces": {
				"north": {"uv": [12.34375, 3.28125, 13.34375, 4.28125], "texture": "#1"},
				"south": {"uv": [12.57813, 3.28125, 13.57813, 4.28125], "texture": "#1"},
				"up": {"uv": [12.5, 3.4375, 13.5, 4.4375], "texture": "#1"}
			}
		},
		{
			"name": "hexadecagon",
			"from": [7.83092, 2.6, 7.15],
			"to": [8.16908, 2.7, 7.25],
			"rotation": {"angle": 0, "axis": "y", "origin": [8, 2.2, 8]},
			"faces": {
				"north": {"uv": [12.8125, 3.32813, 13.8125, 4.32813], "texture": "#1"},
				"south": {"uv": [12.76563, 3.40625, 13.76563, 4.40625], "texture": "#1"},
				"up": {"uv": [12.5, 3.4375, 13.5, 4.4375], "texture": "#1"}
			}
		},
		{
			"name": "hexadecagon",
			"from": [7.83092, 2.6, 7.15],
			"to": [8.16908, 2.7, 7.25],
			"rotation": {"angle": 22.5, "axis": "y", "origin": [8, 2.2, 8]},
			"faces": {
				"north": {"uv": [12.8125, 3.32813, 13.8125, 4.32813], "texture": "#1"},
				"south": {"uv": [12.60938, 3.32813, 13.60938, 4.32813], "texture": "#1"},
				"up": {"uv": [12.5, 3.4375, 13.5, 4.4375], "texture": "#1"}
			}
		},
		{
			"name": "hexadecagon",
			"from": [7.83092, 2.6, 8.75],
			"to": [8.16908, 2.7, 8.85],
			"rotation": {"angle": 22.5, "axis": "y", "origin": [8, 2.2, 8]},
			"faces": {
				"north": {"uv": [12.57813, 3.40625, 13.57813, 4.40625], "texture": "#1"},
				"south": {"uv": [12.57813, 3.28125, 13.57813, 4.28125], "texture": "#1"},
				"up": {"uv": [12.5, 3.4375, 13.5, 4.4375], "texture": "#1"}
			}
		},
		{
			"name": "hexadecagon",
			"from": [7.83092, 2.6, 7.15],
			"to": [8.16908, 2.7, 7.25],
			"rotation": {"angle": 45, "axis": "y", "origin": [8, 2.2, 8]},
			"faces": {
				"north": {"uv": [12.26563, 3.28125, 13.26563, 4.28125], "texture": "#1"},
				"south": {"uv": [12.34375, 3.40625, 13.34375, 4.40625], "texture": "#1"},
				"up": {"uv": [12.5, 3.4375, 13.5, 4.4375], "texture": "#1"}
			}
		},
		{
			"name": "hexadecagon",
			"from": [7.83092, 2.6, 8.75],
			"to": [8.16908, 2.7, 8.85],
			"rotation": {"angle": 45, "axis": "y", "origin": [8, 2.2, 8]},
			"faces": {
				"north": {"uv": [12.125, 3.32813, 13.125, 4.32813], "texture": "#1"},
				"south": {"uv": [12.15625, 3.32813, 13.15625, 4.32813], "texture": "#1"},
				"up": {"uv": [12.5, 3.4375, 13.5, 4.4375], "texture": "#1"}
			}
		},
		{
			"name": "hexadecagon",
			"from": [7.15, 2.6, 7.83092],
			"to": [7.25, 2.7, 8.16908],
			"rotation": {"angle": -22.5, "axis": "y", "origin": [8, 2.2, 8]},
			"faces": {
				"east": {"uv": [12.42188, 3.5625, 13.42188, 4.5625], "texture": "#1"},
				"west": {"uv": [12.54688, 3.5625, 13.54688, 4.5625], "texture": "#1"},
				"up": {"uv": [12.5, 3.4375, 13.5, 4.4375], "texture": "#1"}
			}
		},
		{
			"name": "hexadecagon",
			"from": [8.75, 2.6, 7.83092],
			"to": [8.85, 2.7, 8.16908],
			"rotation": {"angle": -22.5, "axis": "y", "origin": [8, 2.2, 8]},
			"faces": {
				"east": {"uv": [12.26563, 3.32813, 13.26563, 4.32813], "texture": "#1"},
				"west": {"uv": [12.3125, 3.35938, 13.3125, 4.35938], "texture": "#1"},
				"up": {"uv": [12.5, 3.4375, 13.5, 4.4375], "texture": "#1"}
			}
		},
		{
			"name": "hexadecagon",
			"from": [7.15, 2.6, 7.83092],
			"to": [7.25, 2.7, 8.16908],
			"rotation": {"angle": 0, "axis": "y", "origin": [8, 2.2, 8]},
			"faces": {
				"east": {"uv": [12.54688, 3.25, 13.54688, 4.25], "texture": "#1"},
				"west": {"uv": [12.54688, 3.5625, 13.54688, 4.5625], "texture": "#1"},
				"up": {"uv": [12.5, 3.4375, 13.5, 4.4375], "texture": "#1"}
			}
		},
		{
			"name": "hexadecagon",
			"from": [8.75, 2.6, 7.83092],
			"to": [8.85, 2.7, 8.16908],
			"rotation": {"angle": 0, "axis": "y", "origin": [8, 2.2, 8]},
			"faces": {
				"east": {"uv": [12.26563, 3.32813, 13.26563, 4.32813], "texture": "#1"},
				"west": {"uv": [12.5, 3.40625, 13.5, 4.40625], "texture": "#1"},
				"up": {"uv": [12.5, 3.4375, 13.5, 4.4375], "texture": "#1"}
			}
		},
		{
			"name": "hexadecagon",
			"from": [7.15, 2.6, 7.83092],
			"to": [7.25, 2.7, 8.16908],
			"rotation": {"angle": 22.5, "axis": "y", "origin": [8, 2.2, 8]},
			"faces": {
				"east": {"uv": [12.42188, 3.51563, 13.42188, 4.51563], "texture": "#1"},
				"west": {"uv": [12.54688, 3.5625, 13.54688, 4.5625], "texture": "#1"},
				"up": {"uv": [12.5, 3.4375, 13.5, 4.4375], "texture": "#1"}
			}
		},
		{
			"name": "hexadecagon",
			"from": [8.75, 2.6, 7.83092],
			"to": [8.85, 2.7, 8.16908],
			"rotation": {"angle": 22.5, "axis": "y", "origin": [8, 2.2, 8]},
			"faces": {
				"east": {"uv": [12.26563, 3.32813, 13.26563, 4.32813], "texture": "#1"},
				"west": {"uv": [12.42188, 3.48438, 13.42188, 4.48438], "texture": "#1"},
				"up": {"uv": [12.5, 3.4375, 13.5, 4.4375], "texture": "#1"}
			}
		},
		{
			"from": [8, 2.6, 7.3],
			"to": [8, 7, 8.7],
			"faces": {
				"east": {"uv": [0.15625, 0.95313, 5.29063, 16], "texture": "#0"},
				"west": {"uv": [0.15625, 0.95313, 5.29063, 16], "texture": "#0"}
			}
		},
		{
			"from": [8, 2.6, 7.3],
			"to": [8, 7, 8.7],
			"rotation": {"angle": -22.5, "axis": "y", "origin": [8, 4.8, 8]},
			"faces": {
				"east": {"uv": [0.15625, 0.95313, 5.29063, 16], "texture": "#0"},
				"west": {"uv": [0.15625, 0.95313, 5.29063, 16], "texture": "#0"}
			}
		},
		{
			"from": [8, 2.6, 7.3],
			"to": [8, 7, 8.7],
			"rotation": {"angle": -45, "axis": "y", "origin": [8, 4.8, 8]},
			"faces": {
				"east": {"uv": [0.15625, 0.95313, 5.29063, 16], "texture": "#0"},
				"west": {"uv": [0.15625, 0.95313, 5.29063, 16], "texture": "#0"}
			}
		},
		{
			"from": [7.3, 2.6, 8],
			"to": [8.7, 7, 8],
			"rotation": {"angle": 22.5, "axis": "y", "origin": [8, 4.8, 8]},
			"faces": {
				"north": {"uv": [0.15625, 0.95313, 5.29063, 16], "texture": "#0"},
				"south": {"uv": [0.15625, 0.95313, 5.29063, 16], "texture": "#0"}
			}
		},
		{
			"from": [7.3, 2.6, 8],
			"to": [8.7, 7, 8],
			"rotation": {"angle": 0, "axis": "y", "origin": [8, 4.8, 8]},
			"faces": {
				"north": {"uv": [0.15625, 0.95313, 5.29063, 16], "texture": "#0"},
				"south": {"uv": [0.15625, 0.95313, 5.29063, 16], "texture": "#0"}
			}
		},
		{
			"from": [7.3, 2.6, 8],
			"to": [8.7, 7, 8],
			"rotation": {"angle": -22.5, "axis": "y", "origin": [8, 4.8, 8]},
			"faces": {
				"north": {"uv": [0.15625, 0.95313, 5.29063, 16], "texture": "#0"},
				"south": {"uv": [0.15625, 0.95313, 5.29063, 16], "texture": "#0"}
			}
		},
		{
			"from": [7.3, 2.6, 8],
			"to": [8.7, 7, 8],
			"rotation": {"angle": -45, "axis": "y", "origin": [8, 4.8, 8]},
			"faces": {
				"north": {"uv": [0.15625, 0.95313, 5.29063, 16], "texture": "#0"},
				"south": {"uv": [0.15625, 0.95313, 5.29063, 16], "texture": "#0"}
			}
		},
		{
			"from": [8, 2.6, 7.3],
			"to": [8, 7, 8.7],
			"rotation": {"angle": 22.5, "axis": "y", "origin": [8, 4.8, 8]},
			"faces": {
				"east": {"uv": [0.15625, 0.95313, 5.29063, 16], "texture": "#0"},
				"west": {"uv": [0.15625, 0.95313, 5.29063, 16], "texture": "#0"}
			}
		},
		{
			"from": [7.3, 2.61, 7.3],
			"to": [8.7, 2.61, 8],
			"faces": {
				"up": {"uv": [0.13438, 0.96719, 5.29062, 3.525], "texture": "#0"}
			}
		},
		{
			"from": [7.3, 2.61, 8],
			"to": [8.7, 2.61, 8.7],
			"rotation": {"angle": 0, "axis": "y", "origin": [0, 0, 16]},
			"faces": {
				"up": {"uv": [0.13438, 3.525, 5.29062, 0.96719], "texture": "#0"}
			}
		},
		{
			"name": "hexadecagon",
			"from": [7.82098, 1.7, 7.1],
			"to": [8.17902, 1.8, 8.9],
			"rotation": {"angle": -45, "axis": "y", "origin": [8, 1.7, 8]},
			"faces": {
				"north": {"uv": [12.3125, 3.32813, 13.3125, 4.32813], "texture": "#1"},
				"south": {"uv": [12.26563, 3.40625, 13.26563, 4.40625], "texture": "#1"},
				"up": {"uv": [12.26563, 3.40625, 13.26563, 4.40625], "texture": "#1"},
				"down": {"uv": [12.23438, 3.40625, 13.23438, 4.40625], "texture": "#1"}
			}
		},
		{
			"name": "hexadecagon",
			"from": [7.82098, 1.7, 7.1],
			"to": [8.17902, 1.8, 8.9],
			"rotation": {"angle": -22.5, "axis": "y", "origin": [8, 1.7, 8]},
			"faces": {
				"north": {"uv": [12.34375, 3.4375, 13.34375, 4.4375], "texture": "#1"},
				"south": {"uv": [12.3125, 3.32813, 13.3125, 4.32813], "texture": "#1"},
				"up": {"uv": [12.26563, 3.40625, 13.26563, 4.40625], "texture": "#1"},
				"down": {"uv": [12.23438, 3.40625, 13.23438, 4.40625], "texture": "#1"}
			}
		},
		{
			"name": "hexadecagon",
			"from": [7.82098, 1.7, 7.1],
			"to": [8.17902, 1.8, 8.9],
			"rotation": {"angle": 0, "axis": "y", "origin": [8, 1.7, 8]},
			"faces": {
				"north": {"uv": [12.34375, 3.4375, 13.34375, 4.4375], "texture": "#1"},
				"south": {"uv": [12.23438, 3.51563, 13.23438, 4.51563], "texture": "#1"},
				"up": {"uv": [12.26563, 3.40625, 13.26563, 4.40625], "texture": "#1"},
				"down": {"uv": [12.23438, 3.40625, 13.23438, 4.40625], "texture": "#1"}
			}
		},
		{
			"name": "hexadecagon",
			"from": [7.82098, 1.7, 7.1],
			"to": [8.17902, 1.8, 8.9],
			"rotation": {"angle": 22.5, "axis": "y", "origin": [8, 1.7, 8]},
			"faces": {
				"north": {"uv": [12.23438, 3.48438, 13.23438, 4.48438], "texture": "#1"},
				"south": {"uv": [12.23438, 3.35938, 13.23438, 4.35938], "texture": "#1"},
				"up": {"uv": [12.26563, 3.40625, 13.26563, 4.40625], "texture": "#1"},
				"down": {"uv": [12.23438, 3.40625, 13.23438, 4.40625], "texture": "#1"}
			}
		},
		{
			"name": "hexadecagon",
			"from": [7.82098, 1.7, 7.1],
			"to": [8.17902, 1.8, 8.9],
			"rotation": {"angle": 45, "axis": "y", "origin": [8, 1.7, 8]},
			"faces": {
				"north": {"uv": [12.20313, 3.32813, 13.20313, 4.32813], "texture": "#1"},
				"south": {"uv": [12.23438, 3.4375, 13.23438, 4.4375], "texture": "#1"},
				"up": {"uv": [12.26563, 3.40625, 13.26563, 4.40625], "texture": "#1"},
				"down": {"uv": [12.23438, 3.40625, 13.23438, 4.40625], "texture": "#1"}
			}
		},
		{
			"name": "hexadecagon",
			"from": [7.1, 1.7, 7.82098],
			"to": [8.9, 1.8, 8.17902],
			"rotation": {"angle": -22.5, "axis": "y", "origin": [8, 1.7, 8]},
			"faces": {
				"east": {"uv": [12.26563, 3.4375, 13.26563, 4.4375], "texture": "#1"},
				"west": {"uv": [12.125, 3.35938, 13.125, 4.35938], "texture": "#1"},
				"up": {"uv": [12.26563, 3.40625, 13.26563, 4.40625], "texture": "#1"},
				"down": {"uv": [12.23438, 3.40625, 13.23438, 4.40625], "texture": "#1"}
			}
		},
		{
			"name": "hexadecagon",
			"from": [7.1, 1.7, 7.82098],
			"to": [8.9, 1.8, 8.17902],
			"rotation": {"angle": 0, "axis": "y", "origin": [8, 1.7, 8]},
			"faces": {
				"east": {"uv": [12.26563, 3.4375, 13.26563, 4.4375], "texture": "#1"},
				"west": {"uv": [12.23438, 3.40625, 13.23438, 4.40625], "texture": "#1"},
				"up": {"uv": [12.26563, 3.40625, 13.26563, 4.40625], "texture": "#1"},
				"down": {"uv": [12.23438, 3.40625, 13.23438, 4.40625], "texture": "#1"}
			}
		},
		{
			"name": "hexadecagon",
			"from": [7.1, 1.7, 7.82098],
			"to": [8.9, 1.8, 8.17902],
			"rotation": {"angle": 22.5, "axis": "y", "origin": [8, 1.7, 8]},
			"faces": {
				"east": {"uv": [12.26563, 3.5625, 13.26563, 4.5625], "texture": "#1"},
				"west": {"uv": [12.23438, 3.5625, 13.23438, 4.5625], "texture": "#1"},
				"up": {"uv": [12.26563, 3.40625, 13.26563, 4.40625], "texture": "#1"},
				"down": {"uv": [12.23438, 3.40625, 13.23438, 4.40625], "texture": "#1"}
			}
		},
		{
			"name": "hexadecagon",
			"from": [7.83092, 3.8, 8.75],
			"to": [8.16908, 3.9, 8.85],
			"rotation": {"angle": -45, "axis": "y", "origin": [8, 3.4, 8]},
			"faces": {
				"north": {"uv": [12.46875, 3.28125, 13.46875, 4.28125], "texture": "#1"},
				"south": {"uv": [12.5, 3.32813, 13.5, 4.32813], "texture": "#1"},
				"up": {"uv": [12.5, 3.4375, 13.5, 4.4375], "texture": "#1"},
				"down": {"uv": [12.39063, 3.40625, 13.39063, 4.40625], "texture": "#1"}
			}
		},
		{
			"name": "hexadecagon",
			"from": [7.83092, 3.8, 7.15],
			"to": [8.16908, 3.9, 7.25],
			"rotation": {"angle": -45, "axis": "y", "origin": [8, 3.4, 8]},
			"faces": {
				"north": {"uv": [11.5, 3.40625, 12.5, 4.40625], "texture": "#1"},
				"south": {"uv": [12, 3.48438, 13, 4.48438], "texture": "#1"},
				"up": {"uv": [12.5, 3.4375, 13.5, 4.4375], "texture": "#1"},
				"down": {"uv": [12.39063, 3.40625, 13.39063, 4.40625], "texture": "#1"}
			}
		},
		{
			"name": "hexadecagon",
			"from": [7.83092, 3.8, 8.75],
			"to": [8.16908, 3.9, 8.85],
			"rotation": {"angle": -22.5, "axis": "y", "origin": [8, 3.4, 8]},
			"faces": {
				"north": {"uv": [12.54688, 3.40625, 13.54688, 4.40625], "texture": "#1"},
				"south": {"uv": [12.57813, 3.28125, 13.57813, 4.28125], "texture": "#1"},
				"up": {"uv": [12.5, 3.4375, 13.5, 4.4375], "texture": "#1"},
				"down": {"uv": [12.39063, 3.40625, 13.39063, 4.40625], "texture": "#1"}
			}
		},
		{
			"name": "hexadecagon",
			"from": [7.83092, 3.8, 7.15],
			"to": [8.16908, 3.9, 7.25],
			"rotation": {"angle": -22.5, "axis": "y", "origin": [8, 3.4, 8]},
			"faces": {
				"north": {"uv": [12.8125, 3.32813, 13.8125, 4.32813], "texture": "#1"},
				"south": {"uv": [12.73438, 3.40625, 13.73438, 4.40625], "texture": "#1"},
				"up": {"uv": [12.5, 3.4375, 13.5, 4.4375], "texture": "#1"},
				"down": {"uv": [12.39063, 3.40625, 13.39063, 4.40625], "texture": "#1"}
			}
		},
		{
			"name": "hexadecagon",
			"from": [7.83092, 3.8, 8.75],
			"to": [8.16908, 3.9, 8.85],
			"rotation": {"angle": 0, "axis": "y", "origin": [8, 3.4, 8]},
			"faces": {
				"north": {"uv": [12.34375, 3.28125, 13.34375, 4.28125], "texture": "#1"},
				"south": {"uv": [12.57813, 3.28125, 13.57813, 4.28125], "texture": "#1"},
				"up": {"uv": [12.5, 3.4375, 13.5, 4.4375], "texture": "#1"},
				"down": {"uv": [12.39063, 3.40625, 13.39063, 4.40625], "texture": "#1"}
			}
		},
		{
			"name": "hexadecagon",
			"from": [7.83092, 3.8, 7.15],
			"to": [8.16908, 3.9, 7.25],
			"rotation": {"angle": 0, "axis": "y", "origin": [8, 3.4, 8]},
			"faces": {
				"north": {"uv": [12.8125, 3.32813, 13.8125, 4.32813], "texture": "#1"},
				"south": {"uv": [12.76563, 3.40625, 13.76563, 4.40625], "texture": "#1"},
				"up": {"uv": [12.5, 3.4375, 13.5, 4.4375], "texture": "#1"},
				"down": {"uv": [12.39063, 3.40625, 13.39063, 4.40625], "texture": "#1"}
			}
		},
		{
			"name": "hexadecagon",
			"from": [7.83092, 3.8, 7.15],
			"to": [8.16908, 3.9, 7.25],
			"rotation": {"angle": 22.5, "axis": "y", "origin": [8, 3.4, 8]},
			"faces": {
				"north": {"uv": [12.8125, 3.32813, 13.8125, 4.32813], "texture": "#1"},
				"south": {"uv": [12.60938, 3.32813, 13.60938, 4.32813], "texture": "#1"},
				"up": {"uv": [12.5, 3.4375, 13.5, 4.4375], "texture": "#1"},
				"down": {"uv": [12.39063, 3.40625, 13.39063, 4.40625], "texture": "#1"}
			}
		},
		{
			"name": "hexadecagon",
			"from": [7.83092, 3.8, 8.75],
			"to": [8.16908, 3.9, 8.85],
			"rotation": {"angle": 22.5, "axis": "y", "origin": [8, 3.4, 8]},
			"faces": {
				"north": {"uv": [12.57813, 3.40625, 13.57813, 4.40625], "texture": "#1"},
				"south": {"uv": [12.57813, 3.28125, 13.57813, 4.28125], "texture": "#1"},
				"up": {"uv": [12.5, 3.4375, 13.5, 4.4375], "texture": "#1"},
				"down": {"uv": [12.39063, 3.40625, 13.39063, 4.40625], "texture": "#1"}
			}
		},
		{
			"name": "hexadecagon",
			"from": [7.83092, 3.8, 7.15],
			"to": [8.16908, 3.9, 7.25],
			"rotation": {"angle": 45, "axis": "y", "origin": [8, 3.4, 8]},
			"faces": {
				"north": {"uv": [12.26563, 3.28125, 13.26563, 4.28125], "texture": "#1"},
				"south": {"uv": [12.34375, 3.40625, 13.34375, 4.40625], "texture": "#1"},
				"up": {"uv": [12.5, 3.4375, 13.5, 4.4375], "texture": "#1"},
				"down": {"uv": [12.39063, 3.40625, 13.39063, 4.40625], "texture": "#1"}
			}
		},
		{
			"name": "hexadecagon",
			"from": [7.83092, 3.8, 8.75],
			"to": [8.16908, 3.9, 8.85],
			"rotation": {"angle": 45, "axis": "y", "origin": [8, 3.4, 8]},
			"faces": {
				"north": {"uv": [12.125, 3.32813, 13.125, 4.32813], "texture": "#1"},
				"south": {"uv": [12.15625, 3.32813, 13.15625, 4.32813], "texture": "#1"},
				"up": {"uv": [12.5, 3.4375, 13.5, 4.4375], "texture": "#1"},
				"down": {"uv": [12.39063, 3.40625, 13.39063, 4.40625], "texture": "#1"}
			}
		},
		{
			"name": "hexadecagon",
			"from": [7.15, 3.8, 7.83092],
			"to": [7.25, 3.9, 8.16908],
			"rotation": {"angle": -22.5, "axis": "y", "origin": [8, 3.4, 8]},
			"faces": {
				"east": {"uv": [12.42188, 3.5625, 13.42188, 4.5625], "texture": "#1"},
				"west": {"uv": [12.54688, 3.5625, 13.54688, 4.5625], "texture": "#1"},
				"up": {"uv": [12.5, 3.4375, 13.5, 4.4375], "texture": "#1"},
				"down": {"uv": [12.39063, 3.40625, 13.39063, 4.40625], "texture": "#1"}
			}
		},
		{
			"name": "hexadecagon",
			"from": [8.75, 3.8, 7.83092],
			"to": [8.85, 3.9, 8.16908],
			"rotation": {"angle": -22.5, "axis": "y", "origin": [8, 3.4, 8]},
			"faces": {
				"east": {"uv": [12.26563, 3.32813, 13.26563, 4.32813], "texture": "#1"},
				"west": {"uv": [12.3125, 3.35938, 13.3125, 4.35938], "texture": "#1"},
				"up": {"uv": [12.5, 3.4375, 13.5, 4.4375], "texture": "#1"},
				"down": {"uv": [12.39063, 3.40625, 13.39063, 4.40625], "texture": "#1"}
			}
		},
		{
			"name": "hexadecagon",
			"from": [7.15, 3.8, 7.83092],
			"to": [7.25, 3.9, 8.16908],
			"rotation": {"angle": 0, "axis": "y", "origin": [8, 3.4, 8]},
			"faces": {
				"east": {"uv": [12.54688, 3.25, 13.54688, 4.25], "texture": "#1"},
				"west": {"uv": [12.54688, 3.5625, 13.54688, 4.5625], "texture": "#1"},
				"up": {"uv": [12.5, 3.4375, 13.5, 4.4375], "texture": "#1"},
				"down": {"uv": [12.39063, 3.40625, 13.39063, 4.40625], "texture": "#1"}
			}
		},
		{
			"name": "hexadecagon",
			"from": [8.75, 3.8, 7.83092],
			"to": [8.85, 3.9, 8.16908],
			"rotation": {"angle": 0, "axis": "y", "origin": [8, 3.4, 8]},
			"faces": {
				"east": {"uv": [12.26563, 3.32813, 13.26563, 4.32813], "texture": "#1"},
				"west": {"uv": [12.5, 3.40625, 13.5, 4.40625], "texture": "#1"},
				"up": {"uv": [12.5, 3.4375, 13.5, 4.4375], "texture": "#1"},
				"down": {"uv": [12.39063, 3.40625, 13.39063, 4.40625], "texture": "#1"}
			}
		},
		{
			"name": "hexadecagon",
			"from": [7.15, 3.8, 7.83092],
			"to": [7.25, 3.9, 8.16908],
			"rotation": {"angle": 22.5, "axis": "y", "origin": [8, 3.4, 8]},
			"faces": {
				"east": {"uv": [12.42188, 3.51563, 13.42188, 4.51563], "texture": "#1"},
				"west": {"uv": [12.54688, 3.5625, 13.54688, 4.5625], "texture": "#1"},
				"up": {"uv": [12.5, 3.4375, 13.5, 4.4375], "texture": "#1"},
				"down": {"uv": [12.39063, 3.40625, 13.39063, 4.40625], "texture": "#1"}
			}
		},
		{
			"name": "hexadecagon",
			"from": [8.75, 3.8, 7.83092],
			"to": [8.85, 3.9, 8.16908],
			"rotation": {"angle": 22.5, "axis": "y", "origin": [8, 3.4, 8]},
			"faces": {
				"east": {"uv": [12.26563, 3.32813, 13.26563, 4.32813], "texture": "#1"},
				"west": {"uv": [12.42188, 3.48438, 13.42188, 4.48438], "texture": "#1"},
				"up": {"uv": [12.5, 3.4375, 13.5, 4.4375], "texture": "#1"},
				"down": {"uv": [12.39063, 3.40625, 13.39063, 4.40625], "texture": "#1"}
			}
		},
		{
			"name": "hexadecagon",
			"from": [7.83092, 5.1, 8.75],
			"to": [8.16908, 5.2, 8.85],
			"rotation": {"angle": -45, "axis": "y", "origin": [8, 4.7, 8]},
			"faces": {
				"north": {"uv": [12.46875, 3.28125, 13.46875, 4.28125], "texture": "#1"},
				"south": {"uv": [12.5, 3.32813, 13.5, 4.32813], "texture": "#1"},
				"up": {"uv": [12.5, 3.4375, 13.5, 4.4375], "texture": "#1"},
				"down": {"uv": [12.39063, 3.40625, 13.39063, 4.40625], "texture": "#1"}
			}
		},
		{
			"name": "hexadecagon",
			"from": [7.83092, 5.1, 7.15],
			"to": [8.16908, 5.2, 7.25],
			"rotation": {"angle": -45, "axis": "y", "origin": [8, 4.7, 8]},
			"faces": {
				"north": {"uv": [11.5, 3.40625, 12.5, 4.40625], "texture": "#1"},
				"south": {"uv": [12, 3.48438, 13, 4.48438], "texture": "#1"},
				"up": {"uv": [12.5, 3.4375, 13.5, 4.4375], "texture": "#1"},
				"down": {"uv": [12.39063, 3.40625, 13.39063, 4.40625], "texture": "#1"}
			}
		},
		{
			"name": "hexadecagon",
			"from": [7.83092, 5.1, 8.75],
			"to": [8.16908, 5.2, 8.85],
			"rotation": {"angle": -22.5, "axis": "y", "origin": [8, 4.7, 8]},
			"faces": {
				"north": {"uv": [12.54688, 3.40625, 13.54688, 4.40625], "texture": "#1"},
				"south": {"uv": [12.57813, 3.28125, 13.57813, 4.28125], "texture": "#1"},
				"up": {"uv": [12.5, 3.4375, 13.5, 4.4375], "texture": "#1"},
				"down": {"uv": [12.39063, 3.40625, 13.39063, 4.40625], "texture": "#1"}
			}
		},
		{
			"name": "hexadecagon",
			"from": [7.83092, 5.1, 7.15],
			"to": [8.16908, 5.2, 7.25],
			"rotation": {"angle": -22.5, "axis": "y", "origin": [8, 4.7, 8]},
			"faces": {
				"north": {"uv": [12.8125, 3.32813, 13.8125, 4.32813], "texture": "#1"},
				"south": {"uv": [12.73438, 3.40625, 13.73438, 4.40625], "texture": "#1"},
				"up": {"uv": [12.5, 3.4375, 13.5, 4.4375], "texture": "#1"},
				"down": {"uv": [12.39063, 3.40625, 13.39063, 4.40625], "texture": "#1"}
			}
		},
		{
			"name": "hexadecagon",
			"from": [7.83092, 5.1, 8.75],
			"to": [8.16908, 5.2, 8.85],
			"rotation": {"angle": 0, "axis": "y", "origin": [8, 4.7, 8]},
			"faces": {
				"north": {"uv": [12.34375, 3.28125, 13.34375, 4.28125], "texture": "#1"},
				"south": {"uv": [12.57813, 3.28125, 13.57813, 4.28125], "texture": "#1"},
				"up": {"uv": [12.5, 3.4375, 13.5, 4.4375], "texture": "#1"},
				"down": {"uv": [12.39063, 3.40625, 13.39063, 4.40625], "texture": "#1"}
			}
		},
		{
			"name": "hexadecagon",
			"from": [7.83092, 5.1, 7.15],
			"to": [8.16908, 5.2, 7.25],
			"rotation": {"angle": 0, "axis": "y", "origin": [8, 4.7, 8]},
			"faces": {
				"north": {"uv": [12.8125, 3.32813, 13.8125, 4.32813], "texture": "#1"},
				"south": {"uv": [12.76563, 3.40625, 13.76563, 4.40625], "texture": "#1"},
				"up": {"uv": [12.5, 3.4375, 13.5, 4.4375], "texture": "#1"},
				"down": {"uv": [12.39063, 3.40625, 13.39063, 4.40625], "texture": "#1"}
			}
		},
		{
			"name": "hexadecagon",
			"from": [7.83092, 5.1, 7.15],
			"to": [8.16908, 5.2, 7.25],
			"rotation": {"angle": 22.5, "axis": "y", "origin": [8, 4.7, 8]},
			"faces": {
				"north": {"uv": [12.8125, 3.32813, 13.8125, 4.32813], "texture": "#1"},
				"south": {"uv": [12.60938, 3.32813, 13.60938, 4.32813], "texture": "#1"},
				"up": {"uv": [12.5, 3.4375, 13.5, 4.4375], "texture": "#1"},
				"down": {"uv": [12.39063, 3.40625, 13.39063, 4.40625], "texture": "#1"}
			}
		},
		{
			"name": "hexadecagon",
			"from": [7.83092, 5.1, 8.75],
			"to": [8.16908, 5.2, 8.85],
			"rotation": {"angle": 22.5, "axis": "y", "origin": [8, 4.7, 8]},
			"faces": {
				"north": {"uv": [12.57813, 3.40625, 13.57813, 4.40625], "texture": "#1"},
				"south": {"uv": [12.57813, 3.28125, 13.57813, 4.28125], "texture": "#1"},
				"up": {"uv": [12.5, 3.4375, 13.5, 4.4375], "texture": "#1"},
				"down": {"uv": [12.39063, 3.40625, 13.39063, 4.40625], "texture": "#1"}
			}
		},
		{
			"name": "hexadecagon",
			"from": [7.83092, 5.1, 7.15],
			"to": [8.16908, 5.2, 7.25],
			"rotation": {"angle": 45, "axis": "y", "origin": [8, 4.7, 8]},
			"faces": {
				"north": {"uv": [12.26563, 3.28125, 13.26563, 4.28125], "texture": "#1"},
				"south": {"uv": [12.34375, 3.40625, 13.34375, 4.40625], "texture": "#1"},
				"up": {"uv": [12.5, 3.4375, 13.5, 4.4375], "texture": "#1"},
				"down": {"uv": [12.39063, 3.40625, 13.39063, 4.40625], "texture": "#1"}
			}
		},
		{
			"name": "hexadecagon",
			"from": [7.83092, 5.1, 8.75],
			"to": [8.16908, 5.2, 8.85],
			"rotation": {"angle": 45, "axis": "y", "origin": [8, 4.7, 8]},
			"faces": {
				"north": {"uv": [12.125, 3.32813, 13.125, 4.32813], "texture": "#1"},
				"south": {"uv": [12.15625, 3.32813, 13.15625, 4.32813], "texture": "#1"},
				"up": {"uv": [12.5, 3.4375, 13.5, 4.4375], "texture": "#1"},
				"down": {"uv": [12.39063, 3.40625, 13.39063, 4.40625], "texture": "#1"}
			}
		},
		{
			"name": "hexadecagon",
			"from": [7.15, 5.1, 7.83092],
			"to": [7.25, 5.2, 8.16908],
			"rotation": {"angle": -22.5, "axis": "y", "origin": [8, 4.7, 8]},
			"faces": {
				"east": {"uv": [12.42188, 3.5625, 13.42188, 4.5625], "texture": "#1"},
				"west": {"uv": [12.54688, 3.5625, 13.54688, 4.5625], "texture": "#1"},
				"up": {"uv": [12.5, 3.4375, 13.5, 4.4375], "texture": "#1"},
				"down": {"uv": [12.39063, 3.40625, 13.39063, 4.40625], "texture": "#1"}
			}
		},
		{
			"name": "hexadecagon",
			"from": [8.75, 5.1, 7.83092],
			"to": [8.85, 5.2, 8.16908],
			"rotation": {"angle": -22.5, "axis": "y", "origin": [8, 4.7, 8]},
			"faces": {
				"east": {"uv": [12.26563, 3.32813, 13.26563, 4.32813], "texture": "#1"},
				"west": {"uv": [12.3125, 3.35938, 13.3125, 4.35938], "texture": "#1"},
				"up": {"uv": [12.5, 3.4375, 13.5, 4.4375], "texture": "#1"},
				"down": {"uv": [12.39063, 3.40625, 13.39063, 4.40625], "texture": "#1"}
			}
		},
		{
			"name": "hexadecagon",
			"from": [7.15, 5.1, 7.83092],
			"to": [7.25, 5.2, 8.16908],
			"rotation": {"angle": 0, "axis": "y", "origin": [8, 4.7, 8]},
			"faces": {
				"east": {"uv": [12.54688, 3.25, 13.54688, 4.25], "texture": "#1"},
				"west": {"uv": [12.54688, 3.5625, 13.54688, 4.5625], "texture": "#1"},
				"up": {"uv": [12.5, 3.4375, 13.5, 4.4375], "texture": "#1"},
				"down": {"uv": [12.39063, 3.40625, 13.39063, 4.40625], "texture": "#1"}
			}
		},
		{
			"name": "hexadecagon",
			"from": [8.75, 5.1, 7.83092],
			"to": [8.85, 5.2, 8.16908],
			"rotation": {"angle": 0, "axis": "y", "origin": [8, 4.7, 8]},
			"faces": {
				"east": {"uv": [12.26563, 3.32813, 13.26563, 4.32813], "texture": "#1"},
				"west": {"uv": [12.5, 3.40625, 13.5, 4.40625], "texture": "#1"},
				"up": {"uv": [12.5, 3.4375, 13.5, 4.4375], "texture": "#1"},
				"down": {"uv": [12.39063, 3.40625, 13.39063, 4.40625], "texture": "#1"}
			}
		},
		{
			"name": "hexadecagon",
			"from": [7.15, 5.1, 7.83092],
			"to": [7.25, 5.2, 8.16908],
			"rotation": {"angle": 22.5, "axis": "y", "origin": [8, 4.7, 8]},
			"faces": {
				"east": {"uv": [12.42188, 3.51563, 13.42188, 4.51563], "texture": "#1"},
				"west": {"uv": [12.54688, 3.5625, 13.54688, 4.5625], "texture": "#1"},
				"up": {"uv": [12.5, 3.4375, 13.5, 4.4375], "texture": "#1"},
				"down": {"uv": [12.39063, 3.40625, 13.39063, 4.40625], "texture": "#1"}
			}
		},
		{
			"name": "hexadecagon",
			"from": [8.75, 5.1, 7.83092],
			"to": [8.85, 5.2, 8.16908],
			"rotation": {"angle": 22.5, "axis": "y", "origin": [8, 4.7, 8]},
			"faces": {
				"east": {"uv": [12.26563, 3.32813, 13.26563, 4.32813], "texture": "#1"},
				"west": {"uv": [12.42188, 3.48438, 13.42188, 4.48438], "texture": "#1"},
				"up": {"uv": [12.5, 3.4375, 13.5, 4.4375], "texture": "#1"},
				"down": {"uv": [12.39063, 3.40625, 13.39063, 4.40625], "texture": "#1"}
			}
		},
		{
			"name": "hexadecagon",
			"from": [7.83092, 6.3, 8.75],
			"to": [8.16908, 6.4, 8.85],
			"rotation": {"angle": -45, "axis": "y", "origin": [8, 5.9, 8]},
			"faces": {
				"north": {"uv": [12.46875, 3.28125, 13.46875, 4.28125], "texture": "#1"},
				"south": {"uv": [12.5, 3.32813, 13.5, 4.32813], "texture": "#1"},
				"up": {"uv": [12.5, 3.4375, 13.5, 4.4375], "texture": "#1"},
				"down": {"uv": [12.39063, 3.40625, 13.39063, 4.40625], "texture": "#1"}
			}
		},
		{
			"name": "hexadecagon",
			"from": [7.83092, 6.3, 7.15],
			"to": [8.16908, 6.4, 7.25],
			"rotation": {"angle": -45, "axis": "y", "origin": [8, 5.9, 8]},
			"faces": {
				"north": {"uv": [11.5, 3.40625, 12.5, 4.40625], "texture": "#1"},
				"south": {"uv": [12, 3.48438, 13, 4.48438], "texture": "#1"},
				"up": {"uv": [12.5, 3.4375, 13.5, 4.4375], "texture": "#1"},
				"down": {"uv": [12.39063, 3.40625, 13.39063, 4.40625], "texture": "#1"}
			}
		},
		{
			"name": "hexadecagon",
			"from": [7.83092, 6.3, 8.75],
			"to": [8.16908, 6.4, 8.85],
			"rotation": {"angle": -22.5, "axis": "y", "origin": [8, 5.9, 8]},
			"faces": {
				"north": {"uv": [12.54688, 3.40625, 13.54688, 4.40625], "texture": "#1"},
				"south": {"uv": [12.57813, 3.28125, 13.57813, 4.28125], "texture": "#1"},
				"up": {"uv": [12.5, 3.4375, 13.5, 4.4375], "texture": "#1"},
				"down": {"uv": [12.39063, 3.40625, 13.39063, 4.40625], "texture": "#1"}
			}
		},
		{
			"name": "hexadecagon",
			"from": [7.83092, 6.3, 7.15],
			"to": [8.16908, 6.4, 7.25],
			"rotation": {"angle": -22.5, "axis": "y", "origin": [8, 5.9, 8]},
			"faces": {
				"north": {"uv": [12.8125, 3.32813, 13.8125, 4.32813], "texture": "#1"},
				"south": {"uv": [12.73438, 3.40625, 13.73438, 4.40625], "texture": "#1"},
				"up": {"uv": [12.5, 3.4375, 13.5, 4.4375], "texture": "#1"},
				"down": {"uv": [12.39063, 3.40625, 13.39063, 4.40625], "texture": "#1"}
			}
		},
		{
			"name": "hexadecagon",
			"from": [7.83092, 6.3, 8.75],
			"to": [8.16908, 6.4, 8.85],
			"rotation": {"angle": 0, "axis": "y", "origin": [8, 5.9, 8]},
			"faces": {
				"north": {"uv": [12.34375, 3.28125, 13.34375, 4.28125], "texture": "#1"},
				"south": {"uv": [12.57813, 3.28125, 13.57813, 4.28125], "texture": "#1"},
				"up": {"uv": [12.5, 3.4375, 13.5, 4.4375], "texture": "#1"},
				"down": {"uv": [12.39063, 3.40625, 13.39063, 4.40625], "texture": "#1"}
			}
		},
		{
			"name": "hexadecagon",
			"from": [7.83092, 6.3, 7.15],
			"to": [8.16908, 6.4, 7.25],
			"rotation": {"angle": 0, "axis": "y", "origin": [8, 5.9, 8]},
			"faces": {
				"north": {"uv": [12.8125, 3.32813, 13.8125, 4.32813], "texture": "#1"},
				"south": {"uv": [12.76563, 3.40625, 13.76563, 4.40625], "texture": "#1"},
				"up": {"uv": [12.5, 3.4375, 13.5, 4.4375], "texture": "#1"},
				"down": {"uv": [12.39063, 3.40625, 13.39063, 4.40625], "texture": "#1"}
			}
		},
		{
			"name": "hexadecagon",
			"from": [7.83092, 6.3, 7.15],
			"to": [8.16908, 6.4, 7.25],
			"rotation": {"angle": 22.5, "axis": "y", "origin": [8, 5.9, 8]},
			"faces": {
				"north": {"uv": [12.8125, 3.32813, 13.8125, 4.32813], "texture": "#1"},
				"south": {"uv": [12.60938, 3.32813, 13.60938, 4.32813], "texture": "#1"},
				"up": {"uv": [12.5, 3.4375, 13.5, 4.4375], "texture": "#1"},
				"down": {"uv": [12.39063, 3.40625, 13.39063, 4.40625], "texture": "#1"}
			}
		},
		{
			"name": "hexadecagon",
			"from": [7.83092, 6.3, 8.75],
			"to": [8.16908, 6.4, 8.85],
			"rotation": {"angle": 22.5, "axis": "y", "origin": [8, 5.9, 8]},
			"faces": {
				"north": {"uv": [12.57813, 3.40625, 13.57813, 4.40625], "texture": "#1"},
				"south": {"uv": [12.57813, 3.28125, 13.57813, 4.28125], "texture": "#1"},
				"up": {"uv": [12.5, 3.4375, 13.5, 4.4375], "texture": "#1"},
				"down": {"uv": [12.39063, 3.40625, 13.39063, 4.40625], "texture": "#1"}
			}
		},
		{
			"name": "hexadecagon",
			"from": [7.83092, 6.3, 7.15],
			"to": [8.16908, 6.4, 7.25],
			"rotation": {"angle": 45, "axis": "y", "origin": [8, 5.9, 8]},
			"faces": {
				"north": {"uv": [12.26563, 3.28125, 13.26563, 4.28125], "texture": "#1"},
				"south": {"uv": [12.34375, 3.40625, 13.34375, 4.40625], "texture": "#1"},
				"up": {"uv": [12.5, 3.4375, 13.5, 4.4375], "texture": "#1"},
				"down": {"uv": [12.39063, 3.40625, 13.39063, 4.40625], "texture": "#1"}
			}
		},
		{
			"name": "hexadecagon",
			"from": [7.83092, 6.3, 8.75],
			"to": [8.16908, 6.4, 8.85],
			"rotation": {"angle": 45, "axis": "y", "origin": [8, 5.9, 8]},
			"faces": {
				"north": {"uv": [12.125, 3.32813, 13.125, 4.32813], "texture": "#1"},
				"south": {"uv": [12.15625, 3.32813, 13.15625, 4.32813], "texture": "#1"},
				"up": {"uv": [12.5, 3.4375, 13.5, 4.4375], "texture": "#1"},
				"down": {"uv": [12.39063, 3.40625, 13.39063, 4.40625], "texture": "#1"}
			}
		},
		{
			"name": "hexadecagon",
			"from": [7.15, 6.3, 7.83092],
			"to": [7.25, 6.4, 8.16908],
			"rotation": {"angle": -22.5, "axis": "y", "origin": [8, 5.9, 8]},
			"faces": {
				"east": {"uv": [12.42188, 3.5625, 13.42188, 4.5625], "texture": "#1"},
				"west": {"uv": [12.54688, 3.5625, 13.54688, 4.5625], "texture": "#1"},
				"up": {"uv": [12.5, 3.4375, 13.5, 4.4375], "texture": "#1"},
				"down": {"uv": [12.39063, 3.40625, 13.39063, 4.40625], "texture": "#1"}
			}
		},
		{
			"name": "hexadecagon",
			"from": [8.75, 6.3, 7.83092],
			"to": [8.85, 6.4, 8.16908],
			"rotation": {"angle": -22.5, "axis": "y", "origin": [8, 5.9, 8]},
			"faces": {
				"east": {"uv": [12.26563, 3.32813, 13.26563, 4.32813], "texture": "#1"},
				"west": {"uv": [12.3125, 3.35938, 13.3125, 4.35938], "texture": "#1"},
				"up": {"uv": [12.5, 3.4375, 13.5, 4.4375], "texture": "#1"},
				"down": {"uv": [12.39063, 3.40625, 13.39063, 4.40625], "texture": "#1"}
			}
		},
		{
			"name": "hexadecagon",
			"from": [7.15, 6.3, 7.83092],
			"to": [7.25, 6.4, 8.16908],
			"rotation": {"angle": 0, "axis": "y", "origin": [8, 5.9, 8]},
			"faces": {
				"east": {"uv": [12.54688, 3.25, 13.54688, 4.25], "texture": "#1"},
				"west": {"uv": [12.54688, 3.5625, 13.54688, 4.5625], "texture": "#1"},
				"up": {"uv": [12.5, 3.4375, 13.5, 4.4375], "texture": "#1"},
				"down": {"uv": [12.39063, 3.40625, 13.39063, 4.40625], "texture": "#1"}
			}
		},
		{
			"name": "hexadecagon",
			"from": [8.75, 6.3, 7.83092],
			"to": [8.85, 6.4, 8.16908],
			"rotation": {"angle": 0, "axis": "y", "origin": [8, 5.9, 8]},
			"faces": {
				"east": {"uv": [12.26563, 3.32813, 13.26563, 4.32813], "texture": "#1"},
				"west": {"uv": [12.5, 3.40625, 13.5, 4.40625], "texture": "#1"},
				"up": {"uv": [12.5, 3.4375, 13.5, 4.4375], "texture": "#1"},
				"down": {"uv": [12.39063, 3.40625, 13.39063, 4.40625], "texture": "#1"}
			}
		},
		{
			"name": "hexadecagon",
			"from": [7.15, 6.3, 7.83092],
			"to": [7.25, 6.4, 8.16908],
			"rotation": {"angle": 22.5, "axis": "y", "origin": [8, 5.9, 8]},
			"faces": {
				"east": {"uv": [12.42188, 3.51563, 13.42188, 4.51563], "texture": "#1"},
				"west": {"uv": [12.54688, 3.5625, 13.54688, 4.5625], "texture": "#1"},
				"up": {"uv": [12.5, 3.4375, 13.5, 4.4375], "texture": "#1"},
				"down": {"uv": [12.39063, 3.40625, 13.39063, 4.40625], "texture": "#1"}
			}
		},
		{
			"name": "hexadecagon",
			"from": [8.75, 6.3, 7.83092],
			"to": [8.85, 6.4, 8.16908],
			"rotation": {"angle": 22.5, "axis": "y", "origin": [8, 5.9, 8]},
			"faces": {
				"east": {"uv": [12.26563, 3.32813, 13.26563, 4.32813], "texture": "#1"},
				"west": {"uv": [12.42188, 3.48438, 13.42188, 4.48438], "texture": "#1"},
				"up": {"uv": [12.5, 3.4375, 13.5, 4.4375], "texture": "#1"},
				"down": {"uv": [12.39063, 3.40625, 13.39063, 4.40625], "texture": "#1"}
			}
		},
		{
			"name": "hexadecagon",
			"from": [7.54108, 6.29292, 7.95],
			"to": [7.64108, 6.63107, 8.05],
			"rotation": {"angle": -45, "axis": "z", "origin": [8, 6.85307, 8]},
			"faces": {
				"north": {"uv": [12.76563, 3.35938, 13.76563, 4.35938], "texture": "#1"},
				"east": {"uv": [12.73438, 3.40625, 13.73438, 4.40625], "texture": "#1"},
				"south": {"uv": [12.73438, 3.40625, 13.73438, 4.40625], "texture": "#1"},
				"west": {"uv": [12.76563, 3.48438, 13.76563, 4.48438], "texture": "#1"}
			}
		},
		{
			"name": "hexadecagon",
			"from": [7.36165, 6.17302, 7.95],
			"to": [7.46165, 6.51118, 8.05],
			"rotation": {"angle": -22.5, "axis": "z", "origin": [8, 6.85307, 8]},
			"faces": {
				"north": {"uv": [12.04688, 3.4375, 13.04688, 4.4375], "texture": "#1"},
				"east": {"uv": [12.125, 3.48438, 13.125, 4.48438], "texture": "#1"},
				"south": {"uv": [11.96875, 3.40625, 12.96875, 4.40625], "texture": "#1"},
				"west": {"uv": [11.85938, 3.5625, 12.85938, 4.5625], "texture": "#1"}
			}
		},
		{
			"name": "hexadecagon",
			"from": [8.53835, 6.17302, 7.95],
			"to": [8.63835, 6.51118, 8.05],
			"rotation": {"angle": 22.5, "axis": "z", "origin": [8, 6.85307, 8]},
			"faces": {
				"north": {"uv": [11.92188, 3.4375, 12.92188, 4.4375], "texture": "#1"},
				"east": {"uv": [11.96875, 3.51563, 12.96875, 4.51563], "texture": "#1"},
				"south": {"uv": [12.07813, 3.51563, 13.07813, 4.51563], "texture": "#1"},
				"west": {"uv": [11.96875, 3.32813, 12.96875, 4.32813], "texture": "#1"}
			}
		},
		{
			"name": "hexadecagon",
			"from": [8.35892, 6.29292, 7.95],
			"to": [8.45892, 6.63107, 8.05],
			"rotation": {"angle": 45, "axis": "z", "origin": [8, 6.85307, 8]},
			"faces": {
				"north": {"uv": [12.26563, 3.32813, 13.26563, 4.32813], "texture": "#1"},
				"east": {"uv": [12.39063, 3.28125, 13.39063, 4.28125], "texture": "#1"},
				"south": {"uv": [12.34375, 3.21875, 13.34375, 4.21875], "texture": "#1"},
				"west": {"uv": [12.3125, 3.35938, 13.3125, 4.35938], "texture": "#1"}
			}
		},
		{
			"name": "hexadecagon",
			"from": [8.04258, 7.0921, 7.95],
			"to": [8.38073, 7.1921, 8.05],
			"rotation": {"angle": -22.5, "axis": "z", "origin": [8, 6.85307, 8]},
			"faces": {
				"north": {"uv": [12.46875, 3.28125, 13.46875, 4.28125], "texture": "#1"},
				"south": {"uv": [12.46875, 3.35938, 13.46875, 4.35938], "texture": "#1"},
				"up": {"uv": [12.54688, 3.32813, 13.54688, 4.32813], "rotation": 90, "texture": "#1"},
				"down": {"uv": [12.5, 3.25, 13.5, 4.25], "rotation": 270, "texture": "#1"}
			}
		},
		{
			"name": "hexadecagon",
			"from": [7.83092, 7.05, 7.95],
			"to": [8.16908, 7.15, 8.05],
			"rotation": {"angle": 0, "axis": "y", "origin": [8, 6.85307, 8]},
			"faces": {
				"north": {"uv": [12.34375, 3.28125, 13.34375, 4.28125], "texture": "#1"},
				"south": {"uv": [12.39063, 3.35938, 13.39063, 4.35938], "texture": "#1"},
				"up": {"uv": [12.26563, 3.40625, 13.26563, 4.40625], "rotation": 90, "texture": "#1"},
				"down": {"uv": [12.39063, 3.4375, 13.39063, 4.4375], "rotation": 270, "texture": "#1"}
			}
		},
		{
			"name": "hexadecagon",
			"from": [7.61927, 7.0921, 7.95],
			"to": [7.95742, 7.1921, 8.05],
			"rotation": {"angle": 22.5, "axis": "z", "origin": [8, 6.85307, 8]},
			"faces": {
				"north": {"uv": [12.39063, 3.32813, 13.39063, 4.32813], "texture": "#1"},
				"south": {"uv": [12.3125, 3.32813, 13.3125, 4.32813], "texture": "#1"},
				"up": {"uv": [12.34375, 3.35938, 13.34375, 4.35938], "rotation": 90, "texture": "#1"},
				"down": {"uv": [12.39063, 3.35938, 13.39063, 4.35938], "rotation": 270, "texture": "#1"}
			}
		},
		{
			"from": [7.1, 0.1, 7.1],
			"to": [8.9, 0.1, 8.9],
			"faces": {
				"up": {"uv": [7.23438, 8.57813, 14.34375, 15.6875], "texture": "#1"}
			}
		}
	],
	"display": {
		"thirdperson_righthand": {
			"translation": [0, 7.25, -0.5]
		},
		"thirdperson_lefthand": {
			"translation": [0, 7.25, -0.5]
		},
		"firstperson_righthand": {
			"rotation": [-176.37, 20.12, -171.38],
			"translation": [2, 7.5, 1.75],
			"scale": [0.91992, 1, 0.81445]
		},
		"firstperson_lefthand": {
			"rotation": [-176.37, 20.12, -171.38],
			"translation": [2, 7.5, 1.75],
			"scale": [0.91992, 1, 0.81445]
		},
		"ground": {
			"rotation": [-21.84, 6.13, -31.12],
			"translation": [0, 2.75, 0],
			"scale": [0.74414, 0.73438, 0.68555]
		},
		"gui": {
			"translation": [0, 11, 0],
			"scale": [2.58203, 2.39453, 1]
		},
		"head": {
			"translation": [0, 17, 0],
			"scale": [1.66211, 1.33398, 1.69922]
		},
		"fixed": {
			"translation": [0, 8.75, -1.5],
			"scale": [2.03125, 2.00391, 1.95703]
		}
	},
	"groups": [
		{
			"name": "hexadecagon",
			"origin": [8, 8, 8],
			"color": 0,
			"children": [0, 1, 2, 3, 4, 5, 6, 7]
		},
		{
			"name": "hexadecagon",
			"origin": [8, 8, 8],
			"color": 0,
			"children": [8, 9, 10, 11, 12, 13, 14, 15]
		},
		{
			"name": "hexadecagon",
			"origin": [8, 8, 8],
			"color": 0,
			"children": [16, 17, 18, 19, 20, 21, 22, 23]
		},
		{
			"name": "hexadecagon",
			"origin": [8, 8, 8],
			"color": 0,
			"children": [24, 25, 26, 27, 28, 29, 30]
		},
		{
			"name": "hexadecagon",
			"origin": [8, 8, 8],
			"color": 0,
			"children": [31, 32, 33, 34]
		},
		{
			"name": "hexadecagon",
			"origin": [8, 8, 8],
			"color": 0,
			"children": [35, 36, 37, 38, 39, 40, 41, 42]
		},
		{
			"name": "hexadecagon",
			"origin": [8, 8, 8],
			"color": 0,
			"children": [43, 44, 45, 46, 47, 48, 49, 50, 51, 52, 53, 54, 55, 56, 57, 58]
		},
		59,
		60,
		61,
		62,
		63,
		64,
		65,
		66,
		67,
		68,
		{
			"name": "hexadecagon",
			"origin": [8, 8, 8],
			"color": 0,
			"children": [69, 70, 71, 72, 73, 74, 75, 76]
		},
		{
			"name": "hexadecagon",
			"origin": [8, 8, 8],
			"color": 0,
			"children": [77, 78, 79, 80, 81, 82, 83, 84, 85, 86, 87, 88, 89, 90, 91, 92]
		},
		{
			"name": "hexadecagon",
			"origin": [8, 8, 8],
			"color": 0,
			"children": [93, 94, 95, 96, 97, 98, 99, 100, 101, 102, 103, 104, 105, 106, 107, 108]
		},
		{
			"name": "hexadecagon",
			"origin": [8, 8, 8],
			"color": 0,
			"children": [109, 110, 111, 112, 113, 114, 115, 116, 117, 118, 119, 120, 121, 122, 123, 124]
		},
		{
			"name": "hexadecagon",
			"origin": [8, 8, 8],
			"color": 0,
			"children": [125, 126, 127, 128, 129, 130, 131]
		},
		132
	]
}