{
	"credit": "Made with Blockbench",
	"parent": "minecraft:block/door_bottom_left_open",
	"texture_size": [64, 64],
	"textures": {
		"0": "block/bamboo_door",
		"particle": "block/bamboo_door"
	},
	"elements": [
		{
			"from": [0, 0, 0],
			"to": [0, 0, 0],
			"rotation": {"angle": 0, "axis": "y", "origin": [1.5, 16, 8]},
			"faces": {
				"north": {"uv": [0, 0, 0, 0], "texture": "#missing"},
				"east": {"uv": [0, 0, 0, 0], "texture": "#0"},
				"south": {"uv": [0, 0, 0, 0], "texture": "#missing"},
				"west": {"uv": [0, 0, 0, 0], "texture": "#missing"},
				"up": {"uv": [0, 0, 0, 0], "texture": "#missing"},
				"down": {"uv": [0, 0, 0, 0], "texture": "#missing"}
			}
		},
		{
			"from": [2.25, 0, 0],
			"to": [2.25, 32, 16],
			"rotation": {"angle": 0, "axis": "y", "origin": [1.5, 16, 8]},
			"faces": {
				"north": {"uv": [4, 0, 4, 8], "texture": "#0"},
				"east": {"uv": [0, 0, 4, 8], "texture": "#0"},
				"south": {"uv": [8, 0, 8, 8], "texture": "#0"},
				"west": {"uv": [4, 0, 8, 8], "texture": "#0"},
				"up": {"uv": [4, 0, 4, -4], "texture": "#0"},
				"down": {"uv": [4, -4, 4, 0], "texture": "#0"}
			}
		},
		{
			"from": [0.75, 0, 0],
			"to": [0.75, 32, 16],
			"rotation": {"angle": 0, "axis": "y", "origin": [1.5, 16, 8]},
			"faces": {
				"north": {"uv": [4, 0, 4, 8], "texture": "#0"},
				"east": {"uv": [0, 0, 4, 8], "texture": "#0"},
				"south": {"uv": [8, 0, 8, 8], "texture": "#0"},
				"west": {"uv": [4, 0, 8, 8], "texture": "#0"},
				"up": {"uv": [4, 0, 4, -4], "texture": "#0"},
				"down": {"uv": [4, -4, 4, 0], "texture": "#0"}
			}
		},
		{
			"from": [0.25, 0, 0],
			"to": [2.25, 32, 0],
			"rotation": {"angle": 0, "axis": "y", "origin": [1.5, 16, 8]},
			"faces": {
				"north": {"uv": [10, 0, 9.5, 8], "texture": "#0"},
				"east": {"uv": [8, 0, 8, 8], "texture": "#0"},
				"south": {"uv": [9, 0, 9.5, 8], "texture": "#0"},
				"west": {"uv": [10, 0, 10, 8], "texture": "#0"},
				"up": {"uv": [8.5, 0, 8, 0], "texture": "#0"},
				"down": {"uv": [9, 0, 8.5, 0], "texture": "#0"}
			}
		},
		{
			"from": [0.25, 0, 16],
			"to": [2.25, 32, 16],
			"rotation": {"angle": 0, "axis": "y", "origin": [1.5, 16, 8]},
			"faces": {
				"north": {"uv": [9, 0, 9.5, 8], "texture": "#0"},
				"east": {"uv": [9, 0, 9, 8], "texture": "#0"},
				"south": {"uv": [8.5, 0, 8, 8], "texture": "#0"},
				"west": {"uv": [9.5, 0, 9.5, 8], "texture": "#0"},
				"up": {"uv": [9.5, 0, 9, 0], "texture": "#0"},
				"down": {"uv": [10, 0, 9.5, 0], "texture": "#0"}
			}
		},
		{
			"from": [0.25, 32, 0],
			"to": [2.25, 32, 16],
			"rotation": {"angle": 0, "axis": "y", "origin": [1.5, 16, 8]},
			"faces": {
				"north": {"uv": [11, 5, 11.5, 5], "texture": "#0"},
				"east": {"uv": [7, 5, 11, 5], "texture": "#0"},
				"south": {"uv": [15.5, 5, 16, 5], "texture": "#0"},
				"west": {"uv": [11.5, 5, 15.5, 5], "texture": "#0"},
				"up": {"uv": [11.5, 5, 11, 1], "texture": "#0"},
				"down": {"uv": [12, 1, 11.5, 5], "texture": "#0"}
			}
		},
		{
			"from": [0.75, 0, 0],
			"to": [2.75, 0, 16],
			"rotation": {"angle": 0, "axis": "y", "origin": [1.5, 16, 8]},
			"faces": {
				"north": {"uv": [10, 5, 10.5, 5], "texture": "#0"},
				"east": {"uv": [6, 5, 10, 5], "texture": "#0"},
				"south": {"uv": [14.5, 5, 15, 5], "texture": "#0"},
				"west": {"uv": [10.5, 5, 14.5, 5], "texture": "#0"},
				"up": {"uv": [10.5, 5, 10, 1], "texture": "#0"},
				"down": {"uv": [11, 1, 10.5, 5], "texture": "#0"}
			}
		},
		{
			"from": [0.25, 1.5, 14.5],
			"to": [2.25, 30.5, 14.5],
			"rotation": {"angle": 0, "axis": "y", "origin": [1.5, 16, 8]},
			"faces": {
				"north": {"uv": [15, 0, 15.5, 7.25], "texture": "#0"},
				"east": {"uv": [15, 0, 15, 7.25], "texture": "#0"},
				"south": {"uv": [15.5, 0, 16, 7.25], "texture": "#0"},
				"west": {"uv": [15.5, 0, 15.5, 7.25], "texture": "#0"},
				"up": {"uv": [15.5, 0, 15, 0], "texture": "#0"},
				"down": {"uv": [16, 0, 15.5, 0], "texture": "#0"}
			}
		},
		{
			"from": [0.25, 1.5, 1.5],
			"to": [2.25, 30.5, 1.5],
			"rotation": {"angle": 0, "axis": "y", "origin": [1.5, 16, 8]},
			"faces": {
				"north": {"uv": [14, 0, 14.5, 7.25], "texture": "#0"},
				"east": {"uv": [14, 0, 14, 7.25], "texture": "#0"},
				"south": {"uv": [14.5, 0, 15, 7.25], "texture": "#0"},
				"west": {"uv": [14.5, 0, 14.5, 7.25], "texture": "#0"},
				"up": {"uv": [14.5, 0, 14, 0], "texture": "#0"},
				"down": {"uv": [15, 0, 14.5, 0], "texture": "#0"}
			}
		},
		{
			"from": [0.25, 1.5, 1.5],
			"to": [2.25, 1.5, 14.5],
			"rotation": {"angle": 0, "axis": "y", "origin": [1.5, 16, 8]},
			"faces": {
				"north": {"uv": [10, 8.25, 10.5, 8.25], "texture": "#0"},
				"east": {"uv": [6.75, 8.25, 10, 8.25], "texture": "#0"},
				"south": {"uv": [13.75, 8.25, 14.25, 8.25], "texture": "#0"},
				"west": {"uv": [10.5, 8.25, 13.75, 8.25], "texture": "#0"},
				"up": {"uv": [10.5, 8.25, 10, 5], "texture": "#0"},
				"down": {"uv": [11, 5, 10.5, 8.25], "texture": "#0"}
			}
		},
		{
			"from": [0.25, 30.5, 1.5],
			"to": [2.25, 30.5, 14.5],
			"rotation": {"angle": 0, "axis": "y", "origin": [1.5, 16, 8]},
			"faces": {
				"north": {"uv": [10.5, 8.25, 11, 8.25], "texture": "#0"},
				"east": {"uv": [7.25, 8.25, 10.5, 8.25], "texture": "#0"},
				"south": {"uv": [14.25, 8.25, 14.75, 8.25], "texture": "#0"},
				"west": {"uv": [11, 8.25, 14.25, 8.25], "texture": "#0"},
				"up": {"uv": [11, 8.25, 10.5, 5], "texture": "#0"},
				"down": {"uv": [11.5, 5, 11, 8.25], "texture": "#0"}
			}
		},
		{
			"from": [1.25, 1.5, 1.5],
			"to": [1.25, 30.5, 14.5],
			"rotation": {"angle": 0, "axis": "y", "origin": [1.5, 16, 8]},
			"faces": {
				"north": {"uv": [3.25, 8, 3.25, 15.25], "texture": "#0"},
				"east": {"uv": [0, 8, 3.25, 15.25], "texture": "#0"},
				"south": {"uv": [6.5, 8, 6.5, 15.25], "texture": "#0"},
				"west": {"uv": [3.25, 8, 6.5, 15.25], "texture": "#0"},
				"up": {"uv": [3.25, 8, 3.25, 4.75], "texture": "#0"},
				"down": {"uv": [3.25, 4.75, 3.25, 8], "texture": "#0"}
			}
		},
		{
			"from": [1.75, 1.5, 1.5],
			"to": [1.75, 30.5, 14.5],
			"rotation": {"angle": 0, "axis": "y", "origin": [1.5, 16, 8]},
			"faces": {
				"north": {"uv": [3.25, 8, 3.25, 15.25], "texture": "#0"},
				"east": {"uv": [0, 8, 3.25, 15.25], "texture": "#0"},
				"south": {"uv": [6.5, 8, 6.5, 15.25], "texture": "#0"},
				"west": {"uv": [3.25, 8, 6.5, 15.25], "texture": "#0"},
				"up": {"uv": [3.25, 8, 3.25, 4.75], "texture": "#0"},
				"down": {"uv": [3.25, 4.75, 3.25, 8], "texture": "#0"}
			}
		},
		{
			"from": [1.5, 1.5, 1.5],
			"to": [1.5, 30.5, 14.5],
			"rotation": {"angle": 0, "axis": "y", "origin": [1.5, 16, 8]},
			"faces": {
				"north": {"uv": [12.75, 8.75, 12.75, 16], "texture": "#0"},
				"east": {"uv": [9.5, 8.75, 12.75, 16], "texture": "#0"},
				"south": {"uv": [16, 8.75, 16, 16], "texture": "#0"},
				"west": {"uv": [12.75, 8.75, 16, 16], "texture": "#0"},
				"up": {"uv": [12.75, 8.75, 12.75, 5.5], "texture": "#0"},
				"down": {"uv": [12.75, 5.5, 12.75, 8.75], "texture": "#0"}
			}
		},
		{
			"from": [0.075, 22, 14.4],
			"to": [2.325, 25, 14.4],
			"rotation": {"angle": 0, "axis": "y", "origin": [1.5, 16, 8]},
			"faces": {
				"north": {"uv": [10, 0.25, 10.5, 1], "texture": "#0"},
				"east": {"uv": [10, 0.25, 10, 1], "texture": "#0"},
				"south": {"uv": [10.5, 0.25, 11, 1], "texture": "#0"},
				"west": {"uv": [10.5, 0.25, 10.5, 1], "texture": "#0"},
				"up": {"uv": [10.5, 0.25, 10, 0.25], "texture": "#0"},
				"down": {"uv": [11, 0.25, 10.5, 0.25], "texture": "#0"}
			}
		},
		{
			"from": [0.625, 22, 14.4],
			"to": [0.625, 25, 16.65],
			"rotation": {"angle": 0, "axis": "y", "origin": [1.5, 16, 8]},
			"faces": {
				"north": {"uv": [11, 0.25, 11, 1], "texture": "#0"},
				"east": {"uv": [10.5, 0.25, 11, 1], "texture": "#0"},
				"south": {"uv": [11.5, 0.25, 11.5, 1], "texture": "#0"},
				"west": {"uv": [11, 0.25, 11.5, 1], "texture": "#0"},
				"up": {"uv": [11, 0.25, 11, -0.25], "texture": "#0"},
				"down": {"uv": [11, -0.25, 11, 0.25], "texture": "#0"}
			}
		},
		{
			"from": [0.625, 22, 16.1],
			"to": [2.875, 25, 16.1],
			"rotation": {"angle": 0, "axis": "y", "origin": [1.5, 16, 8]},
			"faces": {
				"north": {"uv": [10.5, 0.25, 11, 1], "texture": "#0"},
				"east": {"uv": [10.5, 0.25, 10.5, 1], "texture": "#0"},
				"south": {"uv": [11, 0.25, 11.5, 1], "texture": "#0"},
				"west": {"uv": [11, 0.25, 11, 1], "texture": "#0"},
				"up": {"uv": [11, 0.25, 10.5, 0.25], "texture": "#0"},
				"down": {"uv": [11.5, 0.25, 11, 0.25], "texture": "#0"}
			}
		},
		{
			"from": [2.325, 22, 13.85],
			"to": [2.325, 25, 16.1],
			"rotation": {"angle": 0, "axis": "y", "origin": [1.5, 16, 8]},
			"faces": {
				"north": {"uv": [10.5, 0.25, 10.5, 1], "texture": "#0"},
				"east": {"uv": [10, 0.25, 10.5, 1], "texture": "#0"},
				"south": {"uv": [11, 0.25, 11, 1], "texture": "#0"},
				"west": {"uv": [10.5, 0.25, 11, 1], "texture": "#0"},
				"up": {"uv": [10.5, 0.25, 10.5, -0.25], "texture": "#0"},
				"down": {"uv": [10.5, -0.25, 10.5, 0.25], "texture": "#0"}
			}
		},
		{
			"from": [2.325, 9.25, -0.65],
			"to": [2.325, 12.25, 1.6],
			"rotation": {"angle": 0, "axis": "y", "origin": [1.5, 16, 8]},
			"faces": {
				"north": {"uv": [10.5, 0.25, 10.5, 1], "texture": "#0"},
				"east": {"uv": [10, 0.25, 10.5, 1], "texture": "#0"},
				"south": {"uv": [11, 0.25, 11, 1], "texture": "#0"},
				"west": {"uv": [10.5, 0.25, 11, 1], "texture": "#0"},
				"up": {"uv": [10.5, 0.25, 10.5, -0.25], "texture": "#0"},
				"down": {"uv": [10.5, -0.25, 10.5, 0.25], "texture": "#0"}
			}
		},
		{
			"from": [0.625, 9.25, 1.6],
			"to": [2.875, 12.25, 1.6],
			"rotation": {"angle": 0, "axis": "y", "origin": [1.5, 16, 8]},
			"faces": {
				"north": {"uv": [10.5, 0.25, 11, 1], "texture": "#0"},
				"east": {"uv": [10.5, 0.25, 10.5, 1], "texture": "#0"},
				"south": {"uv": [11, 0.25, 11.5, 1], "texture": "#0"},
				"west": {"uv": [11, 0.25, 11, 1], "texture": "#0"},
				"up": {"uv": [11, 0.25, 10.5, 0.25], "texture": "#0"},
				"down": {"uv": [11.5, 0.25, 11, 0.25], "texture": "#0"}
			}
		},
		{
			"from": [0.625, 9.25, -0.1],
			"to": [0.625, 12.25, 2.15],
			"rotation": {"angle": 0, "axis": "y", "origin": [1.5, 16, 8]},
			"faces": {
				"north": {"uv": [12, 0.25, 12, 1], "texture": "#0"},
				"east": {"uv": [11.5, 0.25, 12, 1], "texture": "#0"},
				"south": {"uv": [12.5, 0.25, 12.5, 1], "texture": "#0"},
				"west": {"uv": [12, 0.25, 12.5, 1], "texture": "#0"},
				"up": {"uv": [12, 0.25, 12, -0.25], "texture": "#0"},
				"down": {"uv": [12, -0.25, 12, 0.25], "texture": "#0"}
			}
		},
		{
			"from": [0.075, 9.25, -0.1],
			"to": [2.325, 12.25, -0.1],
			"rotation": {"angle": 0, "axis": "y", "origin": [1.5, 16, 8]},
			"faces": {
				"north": {"uv": [10, 0.25, 10.5, 1], "texture": "#0"},
				"east": {"uv": [10, 0.25, 10, 1], "texture": "#0"},
				"south": {"uv": [10.5, 0.25, 11, 1], "texture": "#0"},
				"west": {"uv": [10.5, 0.25, 10.5, 1], "texture": "#0"},
				"up": {"uv": [10.5, 0.25, 10, 0.25], "texture": "#0"},
				"down": {"uv": [11, 0.25, 10.5, 0.25], "texture": "#0"}
			}
		},
		{
			"from": [0.2, 13.85, 0.35],
			"to": [1, 18.65, 1.15],
			"rotation": {"angle": 0, "axis": "y", "origin": [0.6, 16.25, 0.75]},
			"faces": {
				"north": {"uv": [15.5, 7.5, 15.25, 8.75], "texture": "#0"},
				"east": {"uv": [15.75, 7.5, 15.5, 8.75], "texture": "#0"},
				"south": {"uv": [16, 7.5, 15.75, 8.75], "texture": "#0"},
				"west": {"uv": [15.25, 7.5, 15, 8.75], "texture": "#0"},
				"up": {"uv": [15.25, 7.5, 15.5, 7.25], "texture": "#0"},
				"down": {"uv": [15.5, 7.25, 15.75, 7.5], "texture": "#0"}
			}
		},
		{
			"from": [1.95, 13.85, 0.35],
			"to": [2.75, 18.65, 1.15],
			"rotation": {"angle": 0, "axis": "y", "origin": [2.35, 16.25, 0.75]},
			"faces": {
				"north": {"uv": [15.5, 7.5, 15.25, 8.75], "texture": "#0"},
				"east": {"uv": [15.75, 7.5, 15.5, 8.75], "texture": "#0"},
				"south": {"uv": [16, 7.5, 15.75, 8.75], "texture": "#0"},
				"west": {"uv": [15.25, 7.5, 15, 8.75], "texture": "#0"},
				"up": {"uv": [15.25, 7.5, 15.5, 7.25], "texture": "#0"},
				"down": {"uv": [15.5, 7.25, 15.75, 7.5], "texture": "#0"}
			}
		}
	]
}