{
	"credit": "Made with Blockbench",
	"parent": "minecraft:block/crop",
	"textures": {
		"crop": "block/carrots_stage0"
	},
	"elements": [
		{
			"from": [1.75, -1, 0.25],
			"to": [1.75, 15, 16.25],
			"rotation": {"angle": 0, "axis": "y", "origin": [1.75, 7, 8.25]},
			"faces": {
				"north": {"uv": [0, 0, 0, 16], "texture": "#crop"},
				"east": {"uv": [16, 0, 0, 16], "texture": "#crop"},
				"south": {"uv": [0, 0, 0, 16], "texture": "#crop"},
				"west": {"uv": [16, 0, 0, 16], "texture": "#crop"},
				"up": {"uv": [0, 0, 0, 16], "texture": "#missing"},
				"down": {"uv": [0, 0, 0, 16], "texture": "#missing"}
			}
		},
		{
			"from": [10, -1, 0.25],
			"to": [10, 15, 16.25],
			"rotation": {"angle": 0, "axis": "y", "origin": [10, 7, 8.25]},
			"faces": {
				"north": {"uv": [0, 0, 0, 16], "texture": "#crop"},
				"east": {"uv": [16, 0, 0, 16], "texture": "#crop"},
				"south": {"uv": [0, 0, 0, 16], "texture": "#crop"},
				"west": {"uv": [16, 0, 0, 16], "texture": "#crop"},
				"up": {"uv": [0, 0, 0, 16], "texture": "#missing"},
				"down": {"uv": [0, 0, 0, 16], "texture": "#missing"}
			}
		},
		{
			"from": [6, -1, 0],
			"to": [6, 15, 16],
			"rotation": {"angle": 0, "axis": "y", "origin": [6, 7, 8]},
			"faces": {
				"north": {"uv": [0, 0, 0, 16], "texture": "#crop"},
				"east": {"uv": [0, 0, 16, 16], "texture": "#crop"},
				"south": {"uv": [0, 0, 0, 16], "texture": "#crop"},
				"west": {"uv": [0, 0, 16, 16], "texture": "#crop"},
				"up": {"uv": [0, 0, 0, 16], "texture": "#missing"},
				"down": {"uv": [0, 0, 0, 16], "texture": "#missing"}
			}
		},
		{
			"from": [14, -1, 0],
			"to": [14, 15, 16],
			"rotation": {"angle": 0, "axis": "y", "origin": [14, 7, 8]},
			"faces": {
				"north": {"uv": [0, 0, 0, 16], "texture": "#crop"},
				"east": {"uv": [0, 0, 16, 16], "texture": "#crop"},
				"south": {"uv": [0, 0, 0, 16], "texture": "#crop"},
				"west": {"uv": [0, 0, 16, 16], "texture": "#crop"},
				"up": {"uv": [0, 0, 0, 16], "texture": "#missing"},
				"down": {"uv": [0, 0, 0, 16], "texture": "#missing"}
			}
		},
		{
			"from": [0, -1, 14],
			"to": [16, 15, 14],
			"rotation": {"angle": 0, "axis": "y", "origin": [8, 7, 8]},
			"faces": {
				"north": {"uv": [16, 0, 0, 16], "texture": "#crop"},
				"east": {"uv": [0, 0, 0, 16], "texture": "#crop"},
				"south": {"uv": [16, 0, 0, 16], "texture": "#crop"},
				"west": {"uv": [0, 0, 0, 16], "texture": "#crop"},
				"up": {"uv": [0, 0, 0, 16], "rotation": 270, "texture": "#missing"},
				"down": {"uv": [0, 0, 0, 16], "rotation": 90, "texture": "#missing"}
			}
		},
		{
			"from": [0, -1, 6],
			"to": [16, 15, 6],
			"rotation": {"angle": 0, "axis": "y", "origin": [8, 7, 8]},
			"faces": {
				"north": {"uv": [16, 0, 0, 16], "texture": "#crop"},
				"east": {"uv": [0, 0, 0, 16], "texture": "#crop"},
				"south": {"uv": [16, 0, 0, 16], "texture": "#crop"},
				"west": {"uv": [0, 0, 0, 16], "texture": "#crop"},
				"up": {"uv": [0, 0, 0, 16], "rotation": 270, "texture": "#missing"},
				"down": {"uv": [0, 0, 0, 16], "rotation": 90, "texture": "#missing"}
			}
		},
		{
			"from": [0, -1, 10.25],
			"to": [16, 15, 10.25],
			"rotation": {"angle": 0, "axis": "y", "origin": [8, 7, 8.25]},
			"faces": {
				"north": {"uv": [0, 0, 16, 16], "texture": "#crop"},
				"east": {"uv": [0, 0, 0, 16], "texture": "#crop"},
				"south": {"uv": [0, 0, 16, 16], "texture": "#crop"},
				"west": {"uv": [0, 0, 0, 16], "texture": "#crop"},
				"up": {"uv": [0, 0, 0, 16], "rotation": 270, "texture": "#missing"},
				"down": {"uv": [0, 0, 0, 16], "rotation": 90, "texture": "#missing"}
			}
		},
		{
			"from": [-0.25, -1, 2.25],
			"to": [15.75, 15, 2.25],
			"rotation": {"angle": 0, "axis": "y", "origin": [7.75, 7, 8.25]},
			"faces": {
				"north": {"uv": [0, 0, 16, 16], "texture": "#crop"},
				"east": {"uv": [0, 0, 0, 16], "texture": "#crop"},
				"south": {"uv": [0, 0, 16, 16], "texture": "#crop"},
				"west": {"uv": [0, 0, 0, 16], "texture": "#crop"},
				"up": {"uv": [0, 0, 0, 16], "rotation": 270, "texture": "#missing"},
				"down": {"uv": [0, 0, 0, 16], "rotation": 90, "texture": "#missing"}
			}
		}
	]
}