{
	"credit": "Made with Blockbench",
	"parent": "block/slab",
	"textures": {
		"1": "block/variants/mossy_cobblestone/mossy_cobblestone_stair_mirror",
		"2": "block/variants/mossy_cobblestone/mossy_cobblestone_slab",
		"3": "block/variants/mossy_cobblestone/mossy_cobblestone_stair",
		"particle": "block/variants/mossy_cobblestone/mossy_cobblestone_stair_mirror",
		"bottom": "block/mossy_cobblestone"
	},
	"elements": [
		{
			"from": [8, 0, 0],
			"to": [16, 16, 16],
			"rotation": {"angle": 0, "axis": "y", "origin": [8, 6, 8]},
			"faces": {
				"north": {"uv": [0, 0, 8, 16], "texture": "#3", "cullface": "north"},
				"east": {"uv": [0, 0, 16, 16], "texture": "#bottom", "cullface": "east"},
				"south": {"uv": [8, 0, 16, 16], "texture": "#1", "cullface": "south"},
				"west": {"uv": [0, 0, 16, 16], "texture": "#2"},
				"up": {"uv": [0, 0, 16, 8], "rotation": 90, "texture": "#bottom", "cullface": "up"},
				"down": {"uv": [0, 8, 16, 16], "rotation": 270, "texture": "#bottom", "cullface": "down"}
			}
		},
		{
			"from": [0, 0, 0],
			"to": [8, 8, 16],
			"rotation": {"angle": 0, "axis": "y", "origin": [8, 6, 8]},
			"faces": {
				"north": {"uv": [8, 8, 16, 16], "texture": "#3", "cullface": "north"},
				"east": {"uv": [0, 0, 0, 0], "texture": "#bottom"},
				"south": {"uv": [0, 8, 8, 16], "texture": "#1", "cullface": "south"},
				"west": {"uv": [0, 8, 16, 16], "texture": "#2", "cullface": "west"},
				"up": {"uv": [0, 8, 16, 16], "rotation": 90, "texture": "#bottom"},
				"down": {"uv": [0, 0, 16, 8], "rotation": 270, "texture": "#bottom", "cullface": "down"}
			}
		}
	]
}