{
	"credit": "Made with Blockbench",
	"parent": "minecraft:block/outer_stairs",
	"textures": {
		"1": "block/mossy_stone_brick_stair",
		"2": "block/mossy_stone_brick_stair_corner",
		"3": "block/mossy_stone_bricks",
		"particle": "block/mossy_stone_brick_stair"
	},
	"elements": [
		{
			"from": [8, 8, 8],
			"to": [16, 16, 16],
			"faces": {
				"north": {"uv": [0, 8, 8, 16], "texture": "#1"},
				"east": {"uv": [0, 0, 8, 8], "texture": "#3", "cullface": "east"},
				"south": {"uv": [8, 0, 16, 8], "texture": "#3", "cullface": "south"},
				"west": {"uv": [8, 8, 16, 16], "texture": "#1"},
				"up": {"uv": [0, 0, 8, 8], "rotation": 180, "texture": "#2", "cullface": "up"}
			}
		},
		{
			"from": [0, 0, 0],
			"to": [16, 8, 16],
			"faces": {
				"north": {"uv": [16, 8, 0, 16], "texture": "#1", "cullface": "north"},
				"east": {"uv": [0, 8, 16, 16], "texture": "#3", "cullface": "east"},
				"south": {"uv": [0, 8, 16, 16], "texture": "#3", "cullface": "south"},
				"west": {"uv": [16, 8, 0, 16], "texture": "#1", "cullface": "west"},
				"up": {"uv": [0, 0, 16, 16], "rotation": 180, "texture": "#2"},
				"down": {"uv": [0, 0, 16, 16], "rotation": 90, "texture": "#3", "cullface": "down"}
			}
		}
	]
}