{
	"credit": "Made with Blockbench",
	"ambientocclusion": false,
	"textures": {
		"2": "block/cmodels/jungle_door_handle",
		"5": "block/cmodels/jungle_door",
		"particle": "block/cmodels/jungle_door"
	},
	"elements": [
		{
			"from": [0.1, 10, -0.1],
			"to": [0.9, 13, 0],
			"rotation": {"angle": 0, "axis": "y", "origin": [-7, 8, 8]},
			"faces": {
				"north": {"uv": [12.67188, 6.34375, 13.84375, 8.29688], "texture": "#2"},
				"east": {"uv": [12.76563, 6.4375, 13.9375, 8.39063], "texture": "#2"},
				"west": {"uv": [12.73438, 6.375, 13.90625, 8.32813], "texture": "#2"},
				"up": {"uv": [12.57813, 6.40625, 13.75, 8.35938], "texture": "#2"},
				"down": {"uv": [12.57813, 6.3125, 13.75, 8.26563], "texture": "#2"}
			}
		},
		{
			"from": [0, 2, 0],
			"to": [1, 6.5, 12],
			"rotation": {"angle": 0, "axis": "y", "origin": [0, 0, 16]},
			"faces": {
				"north": {"uv": [3.01563, 4.57813, 4.01563, 9.14063], "texture": "#5"},
				"east": {"uv": [5.57813, 4.98438, 15.54688, 11.01563], "texture": "#5"},
				"west": {"uv": [15.60938, 4.70313, 5.51563, 0.09375], "texture": "#5"}
			}
		},
		{
			"from": [0, 11, 0],
			"to": [1, 16, 12],
			"rotation": {"angle": 0, "axis": "y", "origin": [0, 0, 16]},
			"faces": {
				"north": {"uv": [2.4375, 11.5625, 3.4375, 15.60938], "texture": "#5"},
				"east": {"uv": [15.60938, 4.70313, 5.51563, 0.09375], "texture": "#5"},
				"west": {"uv": [15.60938, 11.29688, 5.51563, 15.90625], "texture": "#5"},
				"up": {"uv": [3.48438, 0, 4.39063, 13.98438], "texture": "#5"}
			}
		},
		{
			"from": [0, 6.5, 0],
			"to": [1, 11, 12],
			"rotation": {"angle": 0, "axis": "y", "origin": [0, 0, 16]},
			"faces": {
				"north": {"uv": [1.64063, 9.8125, 2.64063, 15.01563], "texture": "#5"},
				"east": {"uv": [15.60938, 15.90625, 5.51563, 11.29688], "texture": "#5"},
				"west": {"uv": [15.54688, 4.98438, 5.57813, 11.01563], "texture": "#5"}
			}
		},
		{
			"from": [0, 0, 12],
			"to": [1, 16, 16],
			"rotation": {"angle": 0, "axis": "y", "origin": [0, 0, 16]},
			"faces": {
				"east": {"uv": [0.40625, 16, 5.03125, 0], "texture": "#5"},
				"south": {"uv": [2.54688, 16, 3.54688, 0], "texture": "#5"},
				"west": {"uv": [0.40625, 16, 5.03125, 0.03125], "rotation": 180, "texture": "#5"},
				"up": {"uv": [2.28125, 0, 1.28125, 5.71875], "texture": "#5"}
			}
		}
	],
	"groups": [
		{
			"name": "group",
			"origin": [8, 8, 8],
			"color": 0,
			"children": [0, 1, 2, 3, 4]
		}
	]
}