{
	"credit": "Made with Blockbench",
	"parent": "oak_leaves",
	"textures": {
		"1": "block/variants/leaves_extra/pale_oak_leaves_extra",
		"2": "block/variants/leaves_extra/pale_oak_leaves_extra_sides",
		"particle": "block/variants/leaves_extra/pale_oak_leaves_extra_sides"
	},
	"elements": [
		{
			"name": "extra 1",
			"from": [-8, -8, 9],
			"to": [24, 24, 9],
			"shade": false,
			"rotation": {"angle": 22.5, "axis": "x", "origin": [8, 8, 8]},
			"faces": {
				"north": {"uv": [0, 0, 16, 16], "texture": "#2", "tintindex": 0},
				"south": {"uv": [0, 0, 16, 16], "texture": "#2", "tintindex": 0}
			}
		},
		{
			"name": "extra 3",
			"from": [10, -8, -8],
			"to": [10, 24, 24],
			"shade": false,
			"rotation": {"angle": -45, "axis": "z", "origin": [8, 8, 8]},
			"faces": {
				"east": {"uv": [0, 0, 16, 16], "texture": "#1", "tintindex": 0},
				"west": {"uv": [0, 0, 16, 16], "texture": "#2", "tintindex": 0}
			}
		},
		{
			"name": "extra 4",
			"from": [-8, 9, -5],
			"to": [24, 9, 27],
			"shade": false,
			"rotation": {"angle": 22.5, "axis": "y", "origin": [8, 8, 8]},
			"faces": {
				"up": {"uv": [0, 0, 16, 16], "rotation": 270, "texture": "#1", "tintindex": 0},
				"down": {"uv": [0, 0, 16, 16], "rotation": 270, "texture": "#1", "tintindex": 0}
			}
		},
		{
			"name": "extra 6",
			"from": [8, -8, -6],
			"to": [8, 24, 26],
			"shade": false,
			"rotation": {"angle": 22.5, "axis": "y", "origin": [8, 8, 8]},
			"faces": {
				"east": {"uv": [0, 0, 16, 16], "texture": "#2", "tintindex": 0},
				"west": {"uv": [0, 0, 16, 16], "texture": "#2", "tintindex": 0}
			}
		}
	],
	"display": {
		"thirdperson_righthand": {
			"scale": [0.2, 0.2, 0.2]
		},
		"thirdperson_lefthand": {
			"scale": [0.2, 0.2, 0.2]
		},
		"firstperson_righthand": {
			"scale": [0.5, 0.5, 0.5]
		},
		"firstperson_lefthand": {
			"scale": [0.5, 0.5, 0.5]
		},
		"ground": {
			"scale": [0.2, 0.2, 0.2]
		},
		"gui": {
			"rotation": [18.5, 45, 0],
			"scale": [0.5, 0.5, 0.5]
		},
		"fixed": {
			"scale": [0.5, 0.5, 0.5]
		}
	}
}